case_index	diff_path	status	rc	logdir	workdir
16	/home/dinghy/versys/ibex-cpufuzz/bluesfl/ibex/dataset/dataset0/dataset_12/2/ibex_decoder.sv.diff	APPLY_FAIL	1	/mnt/sda/bluesfl-tmp/cosim_run_2026-06-24-22-25-05_536898/logs/16	/mnt/sda/bluesfl-tmp/cosim_run_2026-06-24-22-25-05_536898/work/16
2	/home/dinghy/versys/ibex-cpufuzz/bluesfl/ibex/dataset/dataset0/dataset_0/2/ibex_prefetch_buffer.sv.diff	BUILD_FAIL	1	/mnt/sda/bluesfl-tmp/cosim_run_2026-06-24-22-25-05_536898/logs/2	/mnt/sda/bluesfl-tmp/cosim_run_2026-06-24-22-25-05_536898/work/2
1	/home/dinghy/versys/ibex-cpufuzz/bluesfl/ibex/dataset/dataset0/dataset_0/1/ibex_core.sv.diff	BUILD_FAIL	1	/mnt/sda/bluesfl-tmp/cosim_run_2026-06-24-22-25-05_536898/logs/1	/mnt/sda/bluesfl-tmp/cosim_run_2026-06-24-22-25-05_536898/work/1
4	/home/dinghy/versys/ibex-cpufuzz/bluesfl/ibex/dataset/dataset0/dataset_0/4/ibex_fetch_fifo.sv.diff	BUILD_FAIL	1	/mnt/sda/bluesfl-tmp/cosim_run_2026-06-24-22-25-05_536898/logs/4	/mnt/sda/bluesfl-tmp/cosim_run_2026-06-24-22-25-05_536898/work/4
11	/home/dinghy/versys/ibex-cpufuzz/bluesfl/ibex/dataset/dataset0/dataset_11/3/ibex_id_stage.sv.diff	SIM_FAIL	1	/mnt/sda/bluesfl-tmp/cosim_run_2026-06-24-22-25-05_536898/logs/11	/mnt/sda/bluesfl-tmp/cosim_run_2026-06-24-22-25-05_536898/work/11
8	/home/dinghy/versys/ibex-cpufuzz/bluesfl/ibex/dataset/dataset0/dataset_11/0/ibex_wb_stage.sv.diff	SIM_FAIL	1	/mnt/sda/bluesfl-tmp/cosim_run_2026-06-24-22-25-05_536898/logs/8	/mnt/sda/bluesfl-tmp/cosim_run_2026-06-24-22-25-05_536898/work/8
12	/home/dinghy/versys/ibex-cpufuzz/bluesfl/ibex/dataset/dataset0/dataset_11/4/ibex_multdiv_fast.sv.diff	SIM_FAIL	1	/mnt/sda/bluesfl-tmp/cosim_run_2026-06-24-22-25-05_536898/logs/12	/mnt/sda/bluesfl-tmp/cosim_run_2026-06-24-22-25-05_536898/work/12
5	/home/dinghy/versys/ibex-cpufuzz/bluesfl/ibex/dataset/dataset0/dataset_10/0/ibex_multdiv_fast.sv.diff	SIM_FAIL	1	/mnt/sda/bluesfl-tmp/cosim_run_2026-06-24-22-25-05_536898/logs/5	/mnt/sda/bluesfl-tmp/cosim_run_2026-06-24-22-25-05_536898/work/5
19	/home/dinghy/versys/ibex-cpufuzz/bluesfl/ibex/dataset/dataset0/dataset_1/2/ibex_if_stage.sv.diff	SIM_FAIL	1	/mnt/sda/bluesfl-tmp/cosim_run_2026-06-24-22-25-05_536898/logs/19	/mnt/sda/bluesfl-tmp/cosim_run_2026-06-24-22-25-05_536898/work/19
6	/home/dinghy/versys/ibex-cpufuzz/bluesfl/ibex/dataset/dataset0/dataset_10/1/ibex_load_store_unit.sv.diff	SIM_FAIL	1	/mnt/sda/bluesfl-tmp/cosim_run_2026-06-24-22-25-05_536898/logs/6	/mnt/sda/bluesfl-tmp/cosim_run_2026-06-24-22-25-05_536898/work/6
3	/home/dinghy/versys/ibex-cpufuzz/bluesfl/ibex/dataset/dataset0/dataset_0/3/ibex_id_stage.sv.diff	SIM_FAIL	1	/mnt/sda/bluesfl-tmp/cosim_run_2026-06-24-22-25-05_536898/logs/3	/mnt/sda/bluesfl-tmp/cosim_run_2026-06-24-22-25-05_536898/work/3
26	/home/dinghy/versys/ibex-cpufuzz/bluesfl/ibex/dataset/dataset0/dataset_14/0/ibex_multdiv_fast.sv.diff	BUILD_FAIL	1	/mnt/sda/bluesfl-tmp/cosim_run_2026-06-24-22-25-05_536898/logs/26	/mnt/sda/bluesfl-tmp/cosim_run_2026-06-24-22-25-05_536898/work/26
9	/home/dinghy/versys/ibex-cpufuzz/bluesfl/ibex/dataset/dataset0/dataset_11/1/ibex_id_stage.sv.diff	SIM_FAIL	1	/mnt/sda/bluesfl-tmp/cosim_run_2026-06-24-22-25-05_536898/logs/9	/mnt/sda/bluesfl-tmp/cosim_run_2026-06-24-22-25-05_536898/work/9
0	/home/dinghy/versys/ibex-cpufuzz/bluesfl/ibex/dataset/dataset0/dataset_0/0/ibex_decoder.sv.diff	SIM_FAIL	1	/mnt/sda/bluesfl-tmp/cosim_run_2026-06-24-22-25-05_536898/logs/0	/mnt/sda/bluesfl-tmp/cosim_run_2026-06-24-22-25-05_536898/work/0
15	/home/dinghy/versys/ibex-cpufuzz/bluesfl/ibex/dataset/dataset0/dataset_12/1/ibex_if_stage.sv.diff	OK	0	/mnt/sda/bluesfl-tmp/cosim_run_2026-06-24-22-25-05_536898/logs/15	/mnt/sda/bluesfl-tmp/cosim_run_2026-06-24-22-25-05_536898/work/15
7	/home/dinghy/versys/ibex-cpufuzz/bluesfl/ibex/dataset/dataset0/dataset_1/0/ibex_decoder.sv.diff	OK	0	/mnt/sda/bluesfl-tmp/cosim_run_2026-06-24-22-25-05_536898/logs/7	/mnt/sda/bluesfl-tmp/cosim_run_2026-06-24-22-25-05_536898/work/7
13	/home/dinghy/versys/ibex-cpufuzz/bluesfl/ibex/dataset/dataset0/dataset_1/1/ibex_id_stage.sv.diff	OK	0	/mnt/sda/bluesfl-tmp/cosim_run_2026-06-24-22-25-05_536898/logs/13	/mnt/sda/bluesfl-tmp/cosim_run_2026-06-24-22-25-05_536898/work/13
17	/home/dinghy/versys/ibex-cpufuzz/bluesfl/ibex/dataset/dataset0/dataset_12/3/ibex_alu.sv.diff	OK	0	/mnt/sda/bluesfl-tmp/cosim_run_2026-06-24-22-25-05_536898/logs/17	/mnt/sda/bluesfl-tmp/cosim_run_2026-06-24-22-25-05_536898/work/17
35	/home/dinghy/versys/ibex-cpufuzz/bluesfl/ibex/dataset/dataset0/dataset_15/4/ibex_id_stage.sv.diff	BUILD_FAIL	1	/mnt/sda/bluesfl-tmp/cosim_run_2026-06-24-22-25-05_536898/logs/35	/mnt/sda/bluesfl-tmp/cosim_run_2026-06-24-22-25-05_536898/work/35
22	/home/dinghy/versys/ibex-cpufuzz/bluesfl/ibex/dataset/dataset0/dataset_13/2/ibex_controller.sv.diff	OK	0	/mnt/sda/bluesfl-tmp/cosim_run_2026-06-24-22-25-05_536898/logs/22	/mnt/sda/bluesfl-tmp/cosim_run_2026-06-24-22-25-05_536898/work/22
18	/home/dinghy/versys/ibex-cpufuzz/bluesfl/ibex/dataset/dataset0/dataset_12/4/ibex_compressed_decoder.sv.diff	OK	0	/mnt/sda/bluesfl-tmp/cosim_run_2026-06-24-22-25-05_536898/logs/18	/mnt/sda/bluesfl-tmp/cosim_run_2026-06-24-22-25-05_536898/work/18
21	/home/dinghy/versys/ibex-cpufuzz/bluesfl/ibex/dataset/dataset0/dataset_13/1/ibex_if_stage.sv.diff	OK	0	/mnt/sda/bluesfl-tmp/cosim_run_2026-06-24-22-25-05_536898/logs/21	/mnt/sda/bluesfl-tmp/cosim_run_2026-06-24-22-25-05_536898/work/21
14	/home/dinghy/versys/ibex-cpufuzz/bluesfl/ibex/dataset/dataset0/dataset_12/0/ibex_core.sv.diff	OK	0	/mnt/sda/bluesfl-tmp/cosim_run_2026-06-24-22-25-05_536898/logs/14	/mnt/sda/bluesfl-tmp/cosim_run_2026-06-24-22-25-05_536898/work/14
10	/home/dinghy/versys/ibex-cpufuzz/bluesfl/ibex/dataset/dataset0/dataset_11/2/ibex_prefetch_buffer.sv.diff	OK	0	/mnt/sda/bluesfl-tmp/cosim_run_2026-06-24-22-25-05_536898/logs/10	/mnt/sda/bluesfl-tmp/cosim_run_2026-06-24-22-25-05_536898/work/10
23	/home/dinghy/versys/ibex-cpufuzz/bluesfl/ibex/dataset/dataset0/dataset_13/3/ibex_controller.sv.diff	OK	0	/mnt/sda/bluesfl-tmp/cosim_run_2026-06-24-22-25-05_536898/logs/23	/mnt/sda/bluesfl-tmp/cosim_run_2026-06-24-22-25-05_536898/work/23
20	/home/dinghy/versys/ibex-cpufuzz/bluesfl/ibex/dataset/dataset0/dataset_13/0/ibex_core.sv.diff	OK	0	/mnt/sda/bluesfl-tmp/cosim_run_2026-06-24-22-25-05_536898/logs/20	/mnt/sda/bluesfl-tmp/cosim_run_2026-06-24-22-25-05_536898/work/20
43	/home/dinghy/versys/ibex-cpufuzz/bluesfl/ibex/dataset/dataset0/dataset_18/0/ibex_controller.sv.diff	APPLY_FAIL	1	/mnt/sda/bluesfl-tmp/cosim_run_2026-06-24-22-25-05_536898/logs/43	/mnt/sda/bluesfl-tmp/cosim_run_2026-06-24-22-25-05_536898/work/43
44	/home/dinghy/versys/ibex-cpufuzz/bluesfl/ibex/dataset/dataset0/dataset_18/1/ibex_alu.sv.diff	APPLY_FAIL	1	/mnt/sda/bluesfl-tmp/cosim_run_2026-06-24-22-25-05_536898/logs/44	/mnt/sda/bluesfl-tmp/cosim_run_2026-06-24-22-25-05_536898/work/44
45	/home/dinghy/versys/ibex-cpufuzz/bluesfl/ibex/dataset/dataset0/dataset_18/2/ibex_ex_block.sv.diff	APPLY_FAIL	1	/mnt/sda/bluesfl-tmp/cosim_run_2026-06-24-22-25-05_536898/logs/45	/mnt/sda/bluesfl-tmp/cosim_run_2026-06-24-22-25-05_536898/work/45
38	/home/dinghy/versys/ibex-cpufuzz/bluesfl/ibex/dataset/dataset0/dataset_16/2/ibex_load_store_unit.sv.diff	BUILD_FAIL	1	/mnt/sda/bluesfl-tmp/cosim_run_2026-06-24-22-25-05_536898/logs/38	/mnt/sda/bluesfl-tmp/cosim_run_2026-06-24-22-25-05_536898/work/38
47	/home/dinghy/versys/ibex-cpufuzz/bluesfl/ibex/dataset/dataset0/dataset_18/4/ibex_prefetch_buffer.sv.diff	APPLY_FAIL	1	/mnt/sda/bluesfl-tmp/cosim_run_2026-06-24-22-25-05_536898/logs/47	/mnt/sda/bluesfl-tmp/cosim_run_2026-06-24-22-25-05_536898/work/47
46	/home/dinghy/versys/ibex-cpufuzz/bluesfl/ibex/dataset/dataset0/dataset_18/3/ibex_fetch_fifo.sv.diff	APPLY_FAIL	1	/mnt/sda/bluesfl-tmp/cosim_run_2026-06-24-22-25-05_536898/logs/46	/mnt/sda/bluesfl-tmp/cosim_run_2026-06-24-22-25-05_536898/work/46
48	/home/dinghy/versys/ibex-cpufuzz/bluesfl/ibex/dataset/dataset0/dataset_19/0/ibex_alu.sv.diff	APPLY_FAIL	1	/mnt/sda/bluesfl-tmp/cosim_run_2026-06-24-22-25-05_536898/logs/48	/mnt/sda/bluesfl-tmp/cosim_run_2026-06-24-22-25-05_536898/work/48
49	/home/dinghy/versys/ibex-cpufuzz/bluesfl/ibex/dataset/dataset0/dataset_19/1/ibex_id_stage.sv.diff	APPLY_FAIL	1	/mnt/sda/bluesfl-tmp/cosim_run_2026-06-24-22-25-05_536898/logs/49	/mnt/sda/bluesfl-tmp/cosim_run_2026-06-24-22-25-05_536898/work/49
50	/home/dinghy/versys/ibex-cpufuzz/bluesfl/ibex/dataset/dataset0/dataset_19/2/ibex_multdiv_fast.sv.diff	APPLY_FAIL	1	/mnt/sda/bluesfl-tmp/cosim_run_2026-06-24-22-25-05_536898/logs/50	/mnt/sda/bluesfl-tmp/cosim_run_2026-06-24-22-25-05_536898/work/50
51	/home/dinghy/versys/ibex-cpufuzz/bluesfl/ibex/dataset/dataset0/dataset_20/0/ibex_load_store_unit.sv.diff	APPLY_FAIL	1	/mnt/sda/bluesfl-tmp/cosim_run_2026-06-24-22-25-05_536898/logs/51	/mnt/sda/bluesfl-tmp/cosim_run_2026-06-24-22-25-05_536898/work/51
53	/home/dinghy/versys/ibex-cpufuzz/bluesfl/ibex/dataset/dataset0/dataset_20/2/ibex_load_store_unit.sv.diff	APPLY_FAIL	1	/mnt/sda/bluesfl-tmp/cosim_run_2026-06-24-22-25-05_536898/logs/53	/mnt/sda/bluesfl-tmp/cosim_run_2026-06-24-22-25-05_536898/work/53
52	/home/dinghy/versys/ibex-cpufuzz/bluesfl/ibex/dataset/dataset0/dataset_20/1/ibex_if_stage.sv.diff	APPLY_FAIL	1	/mnt/sda/bluesfl-tmp/cosim_run_2026-06-24-22-25-05_536898/logs/52	/mnt/sda/bluesfl-tmp/cosim_run_2026-06-24-22-25-05_536898/work/52
54	/home/dinghy/versys/ibex-cpufuzz/bluesfl/ibex/dataset/dataset0/dataset_20/4/ibex_fetch_fifo.sv.diff	APPLY_FAIL	1	/mnt/sda/bluesfl-tmp/cosim_run_2026-06-24-22-25-05_536898/logs/54	/mnt/sda/bluesfl-tmp/cosim_run_2026-06-24-22-25-05_536898/work/54
56	/home/dinghy/versys/ibex-cpufuzz/bluesfl/ibex/dataset/dataset0/dataset_21/0/ibex_prefetch_buffer.sv.diff	APPLY_FAIL	1	/mnt/sda/bluesfl-tmp/cosim_run_2026-06-24-22-25-05_536898/logs/56	/mnt/sda/bluesfl-tmp/cosim_run_2026-06-24-22-25-05_536898/work/56
39	/home/dinghy/versys/ibex-cpufuzz/bluesfl/ibex/dataset/dataset0/dataset_16/4/ibex_prefetch_buffer.sv.diff	BUILD_FAIL	1	/mnt/sda/bluesfl-tmp/cosim_run_2026-06-24-22-25-05_536898/logs/39	/mnt/sda/bluesfl-tmp/cosim_run_2026-06-24-22-25-05_536898/work/39
57	/home/dinghy/versys/ibex-cpufuzz/bluesfl/ibex/dataset/dataset0/dataset_21/1/ibex_multdiv_fast.sv.diff	APPLY_FAIL	1	/mnt/sda/bluesfl-tmp/cosim_run_2026-06-24-22-25-05_536898/logs/57	/mnt/sda/bluesfl-tmp/cosim_run_2026-06-24-22-25-05_536898/work/57
58	/home/dinghy/versys/ibex-cpufuzz/bluesfl/ibex/dataset/dataset0/dataset_21/2/ibex_if_stage.sv.diff	APPLY_FAIL	1	/mnt/sda/bluesfl-tmp/cosim_run_2026-06-24-22-25-05_536898/logs/58	/mnt/sda/bluesfl-tmp/cosim_run_2026-06-24-22-25-05_536898/work/58
59	/home/dinghy/versys/ibex-cpufuzz/bluesfl/ibex/dataset/dataset0/dataset_21/3/ibex_multdiv_fast.sv.diff	APPLY_FAIL	1	/mnt/sda/bluesfl-tmp/cosim_run_2026-06-24-22-25-05_536898/logs/59	/mnt/sda/bluesfl-tmp/cosim_run_2026-06-24-22-25-05_536898/work/59
60	/home/dinghy/versys/ibex-cpufuzz/bluesfl/ibex/dataset/dataset0/dataset_21/4/ibex_prefetch_buffer.sv.diff	APPLY_FAIL	1	/mnt/sda/bluesfl-tmp/cosim_run_2026-06-24-22-25-05_536898/logs/60	/mnt/sda/bluesfl-tmp/cosim_run_2026-06-24-22-25-05_536898/work/60
63	/home/dinghy/versys/ibex-cpufuzz/bluesfl/ibex/dataset/dataset0/dataset_22/2/ibex_alu.sv.diff	APPLY_FAIL	1	/mnt/sda/bluesfl-tmp/cosim_run_2026-06-24-22-25-05_536898/logs/63	/mnt/sda/bluesfl-tmp/cosim_run_2026-06-24-22-25-05_536898/work/63
62	/home/dinghy/versys/ibex-cpufuzz/bluesfl/ibex/dataset/dataset0/dataset_22/1/ibex_controller.sv.diff	APPLY_FAIL	1	/mnt/sda/bluesfl-tmp/cosim_run_2026-06-24-22-25-05_536898/logs/62	/mnt/sda/bluesfl-tmp/cosim_run_2026-06-24-22-25-05_536898/work/62
64	/home/dinghy/versys/ibex-cpufuzz/bluesfl/ibex/dataset/dataset0/dataset_22/3/ibex_wb_stage.sv.diff	APPLY_FAIL	1	/mnt/sda/bluesfl-tmp/cosim_run_2026-06-24-22-25-05_536898/logs/64	/mnt/sda/bluesfl-tmp/cosim_run_2026-06-24-22-25-05_536898/work/64
65	/home/dinghy/versys/ibex-cpufuzz/bluesfl/ibex/dataset/dataset0/dataset_22/4/ibex_ex_block.sv.diff	APPLY_FAIL	1	/mnt/sda/bluesfl-tmp/cosim_run_2026-06-24-22-25-05_536898/logs/65	/mnt/sda/bluesfl-tmp/cosim_run_2026-06-24-22-25-05_536898/work/65
67	/home/dinghy/versys/ibex-cpufuzz/bluesfl/ibex/dataset/dataset0/dataset_23/0/ibex_decoder.sv.diff	APPLY_FAIL	1	/mnt/sda/bluesfl-tmp/cosim_run_2026-06-24-22-25-05_536898/logs/67	/mnt/sda/bluesfl-tmp/cosim_run_2026-06-24-22-25-05_536898/work/67
68	/home/dinghy/versys/ibex-cpufuzz/bluesfl/ibex/dataset/dataset0/dataset_23/1/ibex_wb_stage.sv.diff	APPLY_FAIL	1	/mnt/sda/bluesfl-tmp/cosim_run_2026-06-24-22-25-05_536898/logs/68	/mnt/sda/bluesfl-tmp/cosim_run_2026-06-24-22-25-05_536898/work/68
69	/home/dinghy/versys/ibex-cpufuzz/bluesfl/ibex/dataset/dataset0/dataset_23/2/ibex_alu.sv.diff	APPLY_FAIL	1	/mnt/sda/bluesfl-tmp/cosim_run_2026-06-24-22-25-05_536898/logs/69	/mnt/sda/bluesfl-tmp/cosim_run_2026-06-24-22-25-05_536898/work/69
70	/home/dinghy/versys/ibex-cpufuzz/bluesfl/ibex/dataset/dataset0/dataset_23/3/ibex_controller.sv.diff	APPLY_FAIL	1	/mnt/sda/bluesfl-tmp/cosim_run_2026-06-24-22-25-05_536898/logs/70	/mnt/sda/bluesfl-tmp/cosim_run_2026-06-24-22-25-05_536898/work/70
71	/home/dinghy/versys/ibex-cpufuzz/bluesfl/ibex/dataset/dataset0/dataset_23/4/ibex_if_stage.sv.diff	APPLY_FAIL	1	/mnt/sda/bluesfl-tmp/cosim_run_2026-06-24-22-25-05_536898/logs/71	/mnt/sda/bluesfl-tmp/cosim_run_2026-06-24-22-25-05_536898/work/71
72	/home/dinghy/versys/ibex-cpufuzz/bluesfl/ibex/dataset/dataset0/dataset_24/0/ibex_prefetch_buffer.sv.diff	APPLY_FAIL	1	/mnt/sda/bluesfl-tmp/cosim_run_2026-06-24-22-25-05_536898/logs/72	/mnt/sda/bluesfl-tmp/cosim_run_2026-06-24-22-25-05_536898/work/72
73	/home/dinghy/versys/ibex-cpufuzz/bluesfl/ibex/dataset/dataset0/dataset_24/1/ibex_fetch_fifo.sv.diff	APPLY_FAIL	1	/mnt/sda/bluesfl-tmp/cosim_run_2026-06-24-22-25-05_536898/logs/73	/mnt/sda/bluesfl-tmp/cosim_run_2026-06-24-22-25-05_536898/work/73
61	/home/dinghy/versys/ibex-cpufuzz/bluesfl/ibex/dataset/dataset0/dataset_2/1/ibex_alu.sv.diff	BUILD_FAIL	1	/mnt/sda/bluesfl-tmp/cosim_run_2026-06-24-22-25-05_536898/logs/61	/mnt/sda/bluesfl-tmp/cosim_run_2026-06-24-22-25-05_536898/work/61
74	/home/dinghy/versys/ibex-cpufuzz/bluesfl/ibex/dataset/dataset0/dataset_24/2/ibex_alu.sv.diff	APPLY_FAIL	1	/mnt/sda/bluesfl-tmp/cosim_run_2026-06-24-22-25-05_536898/logs/74	/mnt/sda/bluesfl-tmp/cosim_run_2026-06-24-22-25-05_536898/work/74
75	/home/dinghy/versys/ibex-cpufuzz/bluesfl/ibex/dataset/dataset0/dataset_24/3/ibex_fetch_fifo.sv.diff	APPLY_FAIL	1	/mnt/sda/bluesfl-tmp/cosim_run_2026-06-24-22-25-05_536898/logs/75	/mnt/sda/bluesfl-tmp/cosim_run_2026-06-24-22-25-05_536898/work/75
76	/home/dinghy/versys/ibex-cpufuzz/bluesfl/ibex/dataset/dataset0/dataset_24/4/ibex_if_stage.sv.diff	APPLY_FAIL	1	/mnt/sda/bluesfl-tmp/cosim_run_2026-06-24-22-25-05_536898/logs/76	/mnt/sda/bluesfl-tmp/cosim_run_2026-06-24-22-25-05_536898/work/76
78	/home/dinghy/versys/ibex-cpufuzz/bluesfl/ibex/dataset/dataset0/dataset_3/0/ibex_load_store_unit.sv.diff	BUILD_FAIL	1	/mnt/sda/bluesfl-tmp/cosim_run_2026-06-24-22-25-05_536898/logs/78	/mnt/sda/bluesfl-tmp/cosim_run_2026-06-24-22-25-05_536898/work/78
80	/home/dinghy/versys/ibex-cpufuzz/bluesfl/ibex/dataset/dataset0/dataset_3/2/ibex_core.sv.diff	BUILD_FAIL	1	/mnt/sda/bluesfl-tmp/cosim_run_2026-06-24-22-25-05_536898/logs/80	/mnt/sda/bluesfl-tmp/cosim_run_2026-06-24-22-25-05_536898/work/80
24	/home/dinghy/versys/ibex-cpufuzz/bluesfl/ibex/dataset/dataset0/dataset_13/4/ibex_controller.sv.diff	OK	0	/mnt/sda/bluesfl-tmp/cosim_run_2026-06-24-22-25-05_536898/logs/24	/mnt/sda/bluesfl-tmp/cosim_run_2026-06-24-22-25-05_536898/work/24
25	/home/dinghy/versys/ibex-cpufuzz/bluesfl/ibex/dataset/dataset0/dataset_1/3/ibex_multdiv_fast.sv.diff	SIM_FAIL	1	/mnt/sda/bluesfl-tmp/cosim_run_2026-06-24-22-25-05_536898/logs/25	/mnt/sda/bluesfl-tmp/cosim_run_2026-06-24-22-25-05_536898/work/25
30	/home/dinghy/versys/ibex-cpufuzz/bluesfl/ibex/dataset/dataset0/dataset_1/4/ibex_id_stage.sv.diff	SIM_FAIL	1	/mnt/sda/bluesfl-tmp/cosim_run_2026-06-24-22-25-05_536898/logs/30	/mnt/sda/bluesfl-tmp/cosim_run_2026-06-24-22-25-05_536898/work/30
32	/home/dinghy/versys/ibex-cpufuzz/bluesfl/ibex/dataset/dataset0/dataset_15/1/ibex_fetch_fifo.sv.diff	SIM_FAIL	1	/mnt/sda/bluesfl-tmp/cosim_run_2026-06-24-22-25-05_536898/logs/32	/mnt/sda/bluesfl-tmp/cosim_run_2026-06-24-22-25-05_536898/work/32
84	/home/dinghy/versys/ibex-cpufuzz/bluesfl/ibex/dataset/dataset0/dataset_4/1/ibex_wb_stage.sv.diff	BUILD_FAIL	1	/mnt/sda/bluesfl-tmp/cosim_run_2026-06-24-22-25-05_536898/logs/84	/mnt/sda/bluesfl-tmp/cosim_run_2026-06-24-22-25-05_536898/work/84
40	/home/dinghy/versys/ibex-cpufuzz/bluesfl/ibex/dataset/dataset0/dataset_17/2/ibex_core.sv.diff	SIM_FAIL	1	/mnt/sda/bluesfl-tmp/cosim_run_2026-06-24-22-25-05_536898/logs/40	/mnt/sda/bluesfl-tmp/cosim_run_2026-06-24-22-25-05_536898/work/40
28	/home/dinghy/versys/ibex-cpufuzz/bluesfl/ibex/dataset/dataset0/dataset_14/3/ibex_load_store_unit.sv.diff	OK	0	/mnt/sda/bluesfl-tmp/cosim_run_2026-06-24-22-25-05_536898/logs/28	/mnt/sda/bluesfl-tmp/cosim_run_2026-06-24-22-25-05_536898/work/28
27	/home/dinghy/versys/ibex-cpufuzz/bluesfl/ibex/dataset/dataset0/dataset_14/1/ibex_prefetch_buffer.sv.diff	OK	0	/mnt/sda/bluesfl-tmp/cosim_run_2026-06-24-22-25-05_536898/logs/27	/mnt/sda/bluesfl-tmp/cosim_run_2026-06-24-22-25-05_536898/work/27
29	/home/dinghy/versys/ibex-cpufuzz/bluesfl/ibex/dataset/dataset0/dataset_14/4/ibex_compressed_decoder.sv.diff	OK	0	/mnt/sda/bluesfl-tmp/cosim_run_2026-06-24-22-25-05_536898/logs/29	/mnt/sda/bluesfl-tmp/cosim_run_2026-06-24-22-25-05_536898/work/29
31	/home/dinghy/versys/ibex-cpufuzz/bluesfl/ibex/dataset/dataset0/dataset_15/0/ibex_prefetch_buffer.sv.diff	OK	0	/mnt/sda/bluesfl-tmp/cosim_run_2026-06-24-22-25-05_536898/logs/31	/mnt/sda/bluesfl-tmp/cosim_run_2026-06-24-22-25-05_536898/work/31
33	/home/dinghy/versys/ibex-cpufuzz/bluesfl/ibex/dataset/dataset0/dataset_15/2/ibex_cs_registers.sv.diff	OK	0	/mnt/sda/bluesfl-tmp/cosim_run_2026-06-24-22-25-05_536898/logs/33	/mnt/sda/bluesfl-tmp/cosim_run_2026-06-24-22-25-05_536898/work/33
66	/home/dinghy/versys/ibex-cpufuzz/bluesfl/ibex/dataset/dataset0/dataset_2/2/ibex_id_stage.sv.diff	SIM_FAIL	1	/mnt/sda/bluesfl-tmp/cosim_run_2026-06-24-22-25-05_536898/logs/66	/mnt/sda/bluesfl-tmp/cosim_run_2026-06-24-22-25-05_536898/work/66
89	/home/dinghy/versys/ibex-cpufuzz/bluesfl/ibex/dataset/dataset0/dataset_5/4/ibex_wb_stage.sv.diff	BUILD_FAIL	1	/mnt/sda/bluesfl-tmp/cosim_run_2026-06-24-22-25-05_536898/logs/89	/mnt/sda/bluesfl-tmp/cosim_run_2026-06-24-22-25-05_536898/work/89
77	/home/dinghy/versys/ibex-cpufuzz/bluesfl/ibex/dataset/dataset0/dataset_2/4/ibex_prefetch_buffer.sv.diff	SIM_FAIL	1	/mnt/sda/bluesfl-tmp/cosim_run_2026-06-24-22-25-05_536898/logs/77	/mnt/sda/bluesfl-tmp/cosim_run_2026-06-24-22-25-05_536898/work/77
92	/home/dinghy/versys/ibex-cpufuzz/bluesfl/ibex/dataset/dataset0/dataset_6/2/ibex_core.sv.diff	BUILD_FAIL	1	/mnt/sda/bluesfl-tmp/cosim_run_2026-06-24-22-25-05_536898/logs/92	/mnt/sda/bluesfl-tmp/cosim_run_2026-06-24-22-25-05_536898/work/92
79	/home/dinghy/versys/ibex-cpufuzz/bluesfl/ibex/dataset/dataset0/dataset_3/1/ibex_ex_block.sv.diff	SIM_FAIL	1	/mnt/sda/bluesfl-tmp/cosim_run_2026-06-24-22-25-05_536898/logs/79	/mnt/sda/bluesfl-tmp/cosim_run_2026-06-24-22-25-05_536898/work/79
90	/home/dinghy/versys/ibex-cpufuzz/bluesfl/ibex/dataset/dataset0/dataset_6/0/ibex_fetch_fifo.sv.diff	BUILD_FAIL	1	/mnt/sda/bluesfl-tmp/cosim_run_2026-06-24-22-25-05_536898/logs/90	/mnt/sda/bluesfl-tmp/cosim_run_2026-06-24-22-25-05_536898/work/90
81	/home/dinghy/versys/ibex-cpufuzz/bluesfl/ibex/dataset/dataset0/dataset_3/3/ibex_alu.sv.diff	SIM_FAIL	1	/mnt/sda/bluesfl-tmp/cosim_run_2026-06-24-22-25-05_536898/logs/81	/mnt/sda/bluesfl-tmp/cosim_run_2026-06-24-22-25-05_536898/work/81
34	/home/dinghy/versys/ibex-cpufuzz/bluesfl/ibex/dataset/dataset0/dataset_15/3/ibex_prefetch_buffer.sv.diff	OK	0	/mnt/sda/bluesfl-tmp/cosim_run_2026-06-24-22-25-05_536898/logs/34	/mnt/sda/bluesfl-tmp/cosim_run_2026-06-24-22-25-05_536898/work/34
100	/home/dinghy/versys/ibex-cpufuzz/bluesfl/ibex/dataset/dataset0/dataset_8/4/ibex_load_store_unit.sv.diff	BUILD_FAIL	1	/mnt/sda/bluesfl-tmp/cosim_run_2026-06-24-22-25-05_536898/logs/100	/mnt/sda/bluesfl-tmp/cosim_run_2026-06-24-22-25-05_536898/work/100
36	/home/dinghy/versys/ibex-cpufuzz/bluesfl/ibex/dataset/dataset0/dataset_16/0/ibex_fetch_fifo.sv.diff	OK	0	/mnt/sda/bluesfl-tmp/cosim_run_2026-06-24-22-25-05_536898/logs/36	/mnt/sda/bluesfl-tmp/cosim_run_2026-06-24-22-25-05_536898/work/36
37	/home/dinghy/versys/ibex-cpufuzz/bluesfl/ibex/dataset/dataset0/dataset_16/1/ibex_ex_block.sv.diff	OK	0	/mnt/sda/bluesfl-tmp/cosim_run_2026-06-24-22-25-05_536898/logs/37	/mnt/sda/bluesfl-tmp/cosim_run_2026-06-24-22-25-05_536898/work/37
82	/home/dinghy/versys/ibex-cpufuzz/bluesfl/ibex/dataset/dataset0/dataset_3/4/ibex_fetch_fifo.sv.diff	SIM_FAIL	1	/mnt/sda/bluesfl-tmp/cosim_run_2026-06-24-22-25-05_536898/logs/82	/mnt/sda/bluesfl-tmp/cosim_run_2026-06-24-22-25-05_536898/work/82
55	/home/dinghy/versys/ibex-cpufuzz/bluesfl/ibex/dataset/dataset0/dataset_2/0/ibex_if_stage.sv.diff	OK	0	/mnt/sda/bluesfl-tmp/cosim_run_2026-06-24-22-25-05_536898/logs/55	/mnt/sda/bluesfl-tmp/cosim_run_2026-06-24-22-25-05_536898/work/55
42	/home/dinghy/versys/ibex-cpufuzz/bluesfl/ibex/dataset/dataset0/dataset_17/4/ibex_wb_stage.sv.diff	OK	0	/mnt/sda/bluesfl-tmp/cosim_run_2026-06-24-22-25-05_536898/logs/42	/mnt/sda/bluesfl-tmp/cosim_run_2026-06-24-22-25-05_536898/work/42
83	/home/dinghy/versys/ibex-cpufuzz/bluesfl/ibex/dataset/dataset0/dataset_4/0/ibex_decoder.sv.diff	SIM_FAIL	1	/mnt/sda/bluesfl-tmp/cosim_run_2026-06-24-22-25-05_536898/logs/83	/mnt/sda/bluesfl-tmp/cosim_run_2026-06-24-22-25-05_536898/work/83
41	/home/dinghy/versys/ibex-cpufuzz/bluesfl/ibex/dataset/dataset0/dataset_17/3/ibex_prefetch_buffer.sv.diff	OK	0	/mnt/sda/bluesfl-tmp/cosim_run_2026-06-24-22-25-05_536898/logs/41	/mnt/sda/bluesfl-tmp/cosim_run_2026-06-24-22-25-05_536898/work/41
106	/home/dinghy/versys/ibex-cpufuzz/bluesfl/ibex/dataset/dataset1/dataset_0/12/ibex_if_stage.sv.diff	BUILD_FAIL	1	/mnt/sda/bluesfl-tmp/cosim_run_2026-06-24-22-25-05_536898/logs/106	/mnt/sda/bluesfl-tmp/cosim_run_2026-06-24-22-25-05_536898/work/106
105	/home/dinghy/versys/ibex-cpufuzz/bluesfl/ibex/dataset/dataset1/dataset_0/10/ibex_id_stage.sv.diff	BUILD_FAIL	1	/mnt/sda/bluesfl-tmp/cosim_run_2026-06-24-22-25-05_536898/logs/105	/mnt/sda/bluesfl-tmp/cosim_run_2026-06-24-22-25-05_536898/work/105
86	/home/dinghy/versys/ibex-cpufuzz/bluesfl/ibex/dataset/dataset0/dataset_4/3/ibex_prefetch_buffer.sv.diff	SIM_FAIL	1	/mnt/sda/bluesfl-tmp/cosim_run_2026-06-24-22-25-05_536898/logs/86	/mnt/sda/bluesfl-tmp/cosim_run_2026-06-24-22-25-05_536898/work/86
111	/home/dinghy/versys/ibex-cpufuzz/bluesfl/ibex/dataset/dataset1/dataset_0/18/ibex_controller.sv.diff	BUILD_FAIL	1	/mnt/sda/bluesfl-tmp/cosim_run_2026-06-24-22-25-05_536898/logs/111	/mnt/sda/bluesfl-tmp/cosim_run_2026-06-24-22-25-05_536898/work/111
85	/home/dinghy/versys/ibex-cpufuzz/bluesfl/ibex/dataset/dataset0/dataset_4/2/ibex_multdiv_fast.sv.diff	OK	0	/mnt/sda/bluesfl-tmp/cosim_run_2026-06-24-22-25-05_536898/logs/85	/mnt/sda/bluesfl-tmp/cosim_run_2026-06-24-22-25-05_536898/work/85
113	/home/dinghy/versys/ibex-cpufuzz/bluesfl/ibex/dataset/dataset1/dataset_0/1/ibex_wb_stage.sv.diff	BUILD_FAIL	1	/mnt/sda/bluesfl-tmp/cosim_run_2026-06-24-22-25-05_536898/logs/113	/mnt/sda/bluesfl-tmp/cosim_run_2026-06-24-22-25-05_536898/work/113
88	/home/dinghy/versys/ibex-cpufuzz/bluesfl/ibex/dataset/dataset0/dataset_5/3/ibex_multdiv_fast.sv.diff	SIM_FAIL	1	/mnt/sda/bluesfl-tmp/cosim_run_2026-06-24-22-25-05_536898/logs/88	/mnt/sda/bluesfl-tmp/cosim_run_2026-06-24-22-25-05_536898/work/88
97	/home/dinghy/versys/ibex-cpufuzz/bluesfl/ibex/dataset/dataset0/dataset_8/0/ibex_ex_block.sv.diff	SIM_FAIL	1	/mnt/sda/bluesfl-tmp/cosim_run_2026-06-24-22-25-05_536898/logs/97	/mnt/sda/bluesfl-tmp/cosim_run_2026-06-24-22-25-05_536898/work/97
96	/home/dinghy/versys/ibex-cpufuzz/bluesfl/ibex/dataset/dataset0/dataset_7/2/ibex_core.sv.diff	SIM_FAIL	1	/mnt/sda/bluesfl-tmp/cosim_run_2026-06-24-22-25-05_536898/logs/96	/mnt/sda/bluesfl-tmp/cosim_run_2026-06-24-22-25-05_536898/work/96
95	/home/dinghy/versys/ibex-cpufuzz/bluesfl/ibex/dataset/dataset0/dataset_7/1/ibex_load_store_unit.sv.diff	SIM_FAIL	1	/mnt/sda/bluesfl-tmp/cosim_run_2026-06-24-22-25-05_536898/logs/95	/mnt/sda/bluesfl-tmp/cosim_run_2026-06-24-22-25-05_536898/work/95
93	/home/dinghy/versys/ibex-cpufuzz/bluesfl/ibex/dataset/dataset0/dataset_6/4/ibex_ex_block.sv.diff	SIM_FAIL	1	/mnt/sda/bluesfl-tmp/cosim_run_2026-06-24-22-25-05_536898/logs/93	/mnt/sda/bluesfl-tmp/cosim_run_2026-06-24-22-25-05_536898/work/93
99	/home/dinghy/versys/ibex-cpufuzz/bluesfl/ibex/dataset/dataset0/dataset_8/3/ibex_multdiv_fast.sv.diff	SIM_FAIL	1	/mnt/sda/bluesfl-tmp/cosim_run_2026-06-24-22-25-05_536898/logs/99	/mnt/sda/bluesfl-tmp/cosim_run_2026-06-24-22-25-05_536898/work/99
101	/home/dinghy/versys/ibex-cpufuzz/bluesfl/ibex/dataset/dataset0/dataset_9/0/ibex_id_stage.sv.diff	SIM_FAIL	1	/mnt/sda/bluesfl-tmp/cosim_run_2026-06-24-22-25-05_536898/logs/101	/mnt/sda/bluesfl-tmp/cosim_run_2026-06-24-22-25-05_536898/work/101
87	/home/dinghy/versys/ibex-cpufuzz/bluesfl/ibex/dataset/dataset0/dataset_5/0/ibex_id_stage.sv.diff	OK	0	/mnt/sda/bluesfl-tmp/cosim_run_2026-06-24-22-25-05_536898/logs/87	/mnt/sda/bluesfl-tmp/cosim_run_2026-06-24-22-25-05_536898/work/87
94	/home/dinghy/versys/ibex-cpufuzz/bluesfl/ibex/dataset/dataset0/dataset_7/0/ibex_controller.sv.diff	OK	0	/mnt/sda/bluesfl-tmp/cosim_run_2026-06-24-22-25-05_536898/logs/94	/mnt/sda/bluesfl-tmp/cosim_run_2026-06-24-22-25-05_536898/work/94
104	/home/dinghy/versys/ibex-cpufuzz/bluesfl/ibex/dataset/dataset0/dataset_9/4/ibex_decoder.sv.diff	SIM_FAIL	1	/mnt/sda/bluesfl-tmp/cosim_run_2026-06-24-22-25-05_536898/logs/104	/mnt/sda/bluesfl-tmp/cosim_run_2026-06-24-22-25-05_536898/work/104
98	/home/dinghy/versys/ibex-cpufuzz/bluesfl/ibex/dataset/dataset0/dataset_8/2/ibex_controller.sv.diff	OK	0	/mnt/sda/bluesfl-tmp/cosim_run_2026-06-24-22-25-05_536898/logs/98	/mnt/sda/bluesfl-tmp/cosim_run_2026-06-24-22-25-05_536898/work/98
125	/home/dinghy/versys/ibex-cpufuzz/bluesfl/ibex/dataset/dataset1/dataset_10/13/ibex_id_stage.sv.diff	BUILD_FAIL	1	/mnt/sda/bluesfl-tmp/cosim_run_2026-06-24-22-25-05_536898/logs/125	/mnt/sda/bluesfl-tmp/cosim_run_2026-06-24-22-25-05_536898/work/125
108	/home/dinghy/versys/ibex-cpufuzz/bluesfl/ibex/dataset/dataset1/dataset_0/15/ibex_load_store_unit.sv.diff	SIM_FAIL	1	/mnt/sda/bluesfl-tmp/cosim_run_2026-06-24-22-25-05_536898/logs/108	/mnt/sda/bluesfl-tmp/cosim_run_2026-06-24-22-25-05_536898/work/108
110	/home/dinghy/versys/ibex-cpufuzz/bluesfl/ibex/dataset/dataset1/dataset_0/17/ibex_prefetch_buffer.sv.diff	SIM_FAIL	1	/mnt/sda/bluesfl-tmp/cosim_run_2026-06-24-22-25-05_536898/logs/110	/mnt/sda/bluesfl-tmp/cosim_run_2026-06-24-22-25-05_536898/work/110
127	/home/dinghy/versys/ibex-cpufuzz/bluesfl/ibex/dataset/dataset1/dataset_10/1/ibex_if_stage.sv.diff	BUILD_FAIL	1	/mnt/sda/bluesfl-tmp/cosim_run_2026-06-24-22-25-05_536898/logs/127	/mnt/sda/bluesfl-tmp/cosim_run_2026-06-24-22-25-05_536898/work/127
112	/home/dinghy/versys/ibex-cpufuzz/bluesfl/ibex/dataset/dataset1/dataset_0/19/ibex_ex_block.sv.diff	SIM_FAIL	1	/mnt/sda/bluesfl-tmp/cosim_run_2026-06-24-22-25-05_536898/logs/112	/mnt/sda/bluesfl-tmp/cosim_run_2026-06-24-22-25-05_536898/work/112
102	/home/dinghy/versys/ibex-cpufuzz/bluesfl/ibex/dataset/dataset0/dataset_9/1/ibex_compressed_decoder.sv.diff	OK	0	/mnt/sda/bluesfl-tmp/cosim_run_2026-06-24-22-25-05_536898/logs/102	/mnt/sda/bluesfl-tmp/cosim_run_2026-06-24-22-25-05_536898/work/102
103	/home/dinghy/versys/ibex-cpufuzz/bluesfl/ibex/dataset/dataset0/dataset_9/3/ibex_decoder.sv.diff	OK	0	/mnt/sda/bluesfl-tmp/cosim_run_2026-06-24-22-25-05_536898/logs/103	/mnt/sda/bluesfl-tmp/cosim_run_2026-06-24-22-25-05_536898/work/103
107	/home/dinghy/versys/ibex-cpufuzz/bluesfl/ibex/dataset/dataset1/dataset_0/13/ibex_compressed_decoder.sv.diff	OK	0	/mnt/sda/bluesfl-tmp/cosim_run_2026-06-24-22-25-05_536898/logs/107	/mnt/sda/bluesfl-tmp/cosim_run_2026-06-24-22-25-05_536898/work/107
109	/home/dinghy/versys/ibex-cpufuzz/bluesfl/ibex/dataset/dataset1/dataset_0/16/ibex_controller.sv.diff	OK	0	/mnt/sda/bluesfl-tmp/cosim_run_2026-06-24-22-25-05_536898/logs/109	/mnt/sda/bluesfl-tmp/cosim_run_2026-06-24-22-25-05_536898/work/109
134	/home/dinghy/versys/ibex-cpufuzz/bluesfl/ibex/dataset/dataset1/dataset_1/0/ibex_core.sv.diff	BUILD_FAIL	1	/mnt/sda/bluesfl-tmp/cosim_run_2026-06-24-22-25-05_536898/logs/134	/mnt/sda/bluesfl-tmp/cosim_run_2026-06-24-22-25-05_536898/work/134
135	/home/dinghy/versys/ibex-cpufuzz/bluesfl/ibex/dataset/dataset1/dataset_1/10/ibex_core.sv.diff	BUILD_FAIL	1	/mnt/sda/bluesfl-tmp/cosim_run_2026-06-24-22-25-05_536898/logs/135	/mnt/sda/bluesfl-tmp/cosim_run_2026-06-24-22-25-05_536898/work/135
114	/home/dinghy/versys/ibex-cpufuzz/bluesfl/ibex/dataset/dataset1/dataset_0/3/ibex_alu.sv.diff	SIM_FAIL	1	/mnt/sda/bluesfl-tmp/cosim_run_2026-06-24-22-25-05_536898/logs/114	/mnt/sda/bluesfl-tmp/cosim_run_2026-06-24-22-25-05_536898/work/114
115	/home/dinghy/versys/ibex-cpufuzz/bluesfl/ibex/dataset/dataset1/dataset_0/4/ibex_if_stage.sv.diff	SIM_FAIL	1	/mnt/sda/bluesfl-tmp/cosim_run_2026-06-24-22-25-05_536898/logs/115	/mnt/sda/bluesfl-tmp/cosim_run_2026-06-24-22-25-05_536898/work/115
118	/home/dinghy/versys/ibex-cpufuzz/bluesfl/ibex/dataset/dataset1/dataset_0/7/ibex_decoder.sv.diff	SIM_FAIL	1	/mnt/sda/bluesfl-tmp/cosim_run_2026-06-24-22-25-05_536898/logs/118	/mnt/sda/bluesfl-tmp/cosim_run_2026-06-24-22-25-05_536898/work/118
138	/home/dinghy/versys/ibex-cpufuzz/bluesfl/ibex/dataset/dataset1/dataset_11/12/ibex_alu.sv.diff	BUILD_FAIL	1	/mnt/sda/bluesfl-tmp/cosim_run_2026-06-24-22-25-05_536898/logs/138	/mnt/sda/bluesfl-tmp/cosim_run_2026-06-24-22-25-05_536898/work/138
120	/home/dinghy/versys/ibex-cpufuzz/bluesfl/ibex/dataset/dataset1/dataset_0/9/ibex_prefetch_buffer.sv.diff	SIM_FAIL	1	/mnt/sda/bluesfl-tmp/cosim_run_2026-06-24-22-25-05_536898/logs/120	/mnt/sda/bluesfl-tmp/cosim_run_2026-06-24-22-25-05_536898/work/120
140	/home/dinghy/versys/ibex-cpufuzz/bluesfl/ibex/dataset/dataset1/dataset_11/14/ibex_if_stage.sv.diff	BUILD_FAIL	1	/mnt/sda/bluesfl-tmp/cosim_run_2026-06-24-22-25-05_536898/logs/140	/mnt/sda/bluesfl-tmp/cosim_run_2026-06-24-22-25-05_536898/work/140
142	/home/dinghy/versys/ibex-cpufuzz/bluesfl/ibex/dataset/dataset1/dataset_1/11/ibex_multdiv_fast.sv.diff	BUILD_FAIL	1	/mnt/sda/bluesfl-tmp/cosim_run_2026-06-24-22-25-05_536898/logs/142	/mnt/sda/bluesfl-tmp/cosim_run_2026-06-24-22-25-05_536898/work/142
121	/home/dinghy/versys/ibex-cpufuzz/bluesfl/ibex/dataset/dataset1/dataset_10/0/ibex_prefetch_buffer.sv.diff	SIM_FAIL	1	/mnt/sda/bluesfl-tmp/cosim_run_2026-06-24-22-25-05_536898/logs/121	/mnt/sda/bluesfl-tmp/cosim_run_2026-06-24-22-25-05_536898/work/121
123	/home/dinghy/versys/ibex-cpufuzz/bluesfl/ibex/dataset/dataset1/dataset_10/11/ibex_multdiv_fast.sv.diff	SIM_FAIL	1	/mnt/sda/bluesfl-tmp/cosim_run_2026-06-24-22-25-05_536898/logs/123	/mnt/sda/bluesfl-tmp/cosim_run_2026-06-24-22-25-05_536898/work/123
124	/home/dinghy/versys/ibex-cpufuzz/bluesfl/ibex/dataset/dataset1/dataset_10/12/ibex_id_stage.sv.diff	SIM_FAIL	1	/mnt/sda/bluesfl-tmp/cosim_run_2026-06-24-22-25-05_536898/logs/124	/mnt/sda/bluesfl-tmp/cosim_run_2026-06-24-22-25-05_536898/work/124
146	/home/dinghy/versys/ibex-cpufuzz/bluesfl/ibex/dataset/dataset1/dataset_11/5/ibex_multdiv_fast.sv.diff	BUILD_FAIL	1	/mnt/sda/bluesfl-tmp/cosim_run_2026-06-24-22-25-05_536898/logs/146	/mnt/sda/bluesfl-tmp/cosim_run_2026-06-24-22-25-05_536898/work/146
116	/home/dinghy/versys/ibex-cpufuzz/bluesfl/ibex/dataset/dataset1/dataset_0/5/ibex_decoder.sv.diff	OK	0	/mnt/sda/bluesfl-tmp/cosim_run_2026-06-24-22-25-05_536898/logs/116	/mnt/sda/bluesfl-tmp/cosim_run_2026-06-24-22-25-05_536898/work/116
128	/home/dinghy/versys/ibex-cpufuzz/bluesfl/ibex/dataset/dataset1/dataset_10/2/ibex_load_store_unit.sv.diff	SIM_FAIL	1	/mnt/sda/bluesfl-tmp/cosim_run_2026-06-24-22-25-05_536898/logs/128	/mnt/sda/bluesfl-tmp/cosim_run_2026-06-24-22-25-05_536898/work/128
147	/home/dinghy/versys/ibex-cpufuzz/bluesfl/ibex/dataset/dataset1/dataset_1/16/ibex_load_store_unit.sv.diff	BUILD_FAIL	1	/mnt/sda/bluesfl-tmp/cosim_run_2026-06-24-22-25-05_536898/logs/147	/mnt/sda/bluesfl-tmp/cosim_run_2026-06-24-22-25-05_536898/work/147
119	/home/dinghy/versys/ibex-cpufuzz/bluesfl/ibex/dataset/dataset1/dataset_0/8/ibex_decoder.sv.diff	OK	0	/mnt/sda/bluesfl-tmp/cosim_run_2026-06-24-22-25-05_536898/logs/119	/mnt/sda/bluesfl-tmp/cosim_run_2026-06-24-22-25-05_536898/work/119
130	/home/dinghy/versys/ibex-cpufuzz/bluesfl/ibex/dataset/dataset1/dataset_10/6/ibex_load_store_unit.sv.diff	SIM_FAIL	1	/mnt/sda/bluesfl-tmp/cosim_run_2026-06-24-22-25-05_536898/logs/130	/mnt/sda/bluesfl-tmp/cosim_run_2026-06-24-22-25-05_536898/work/130
132	/home/dinghy/versys/ibex-cpufuzz/bluesfl/ibex/dataset/dataset1/dataset_10/8/ibex_prefetch_buffer.sv.diff	SIM_FAIL	1	/mnt/sda/bluesfl-tmp/cosim_run_2026-06-24-22-25-05_536898/logs/132	/mnt/sda/bluesfl-tmp/cosim_run_2026-06-24-22-25-05_536898/work/132
126	/home/dinghy/versys/ibex-cpufuzz/bluesfl/ibex/dataset/dataset1/dataset_10/14/ibex_core.sv.diff	OK	0	/mnt/sda/bluesfl-tmp/cosim_run_2026-06-24-22-25-05_536898/logs/126	/mnt/sda/bluesfl-tmp/cosim_run_2026-06-24-22-25-05_536898/work/126
133	/home/dinghy/versys/ibex-cpufuzz/bluesfl/ibex/dataset/dataset1/dataset_10/9/ibex_id_stage.sv.diff	SIM_FAIL	1	/mnt/sda/bluesfl-tmp/cosim_run_2026-06-24-22-25-05_536898/logs/133	/mnt/sda/bluesfl-tmp/cosim_run_2026-06-24-22-25-05_536898/work/133
129	/home/dinghy/versys/ibex-cpufuzz/bluesfl/ibex/dataset/dataset1/dataset_10/4/ibex_ex_block.sv.diff	OK	0	/mnt/sda/bluesfl-tmp/cosim_run_2026-06-24-22-25-05_536898/logs/129	/mnt/sda/bluesfl-tmp/cosim_run_2026-06-24-22-25-05_536898/work/129
131	/home/dinghy/versys/ibex-cpufuzz/bluesfl/ibex/dataset/dataset1/dataset_10/7/ibex_core.sv.diff	OK	0	/mnt/sda/bluesfl-tmp/cosim_run_2026-06-24-22-25-05_536898/logs/131	/mnt/sda/bluesfl-tmp/cosim_run_2026-06-24-22-25-05_536898/work/131
136	/home/dinghy/versys/ibex-cpufuzz/bluesfl/ibex/dataset/dataset1/dataset_11/0/ibex_prefetch_buffer.sv.diff	OK	0	/mnt/sda/bluesfl-tmp/cosim_run_2026-06-24-22-25-05_536898/logs/136	/mnt/sda/bluesfl-tmp/cosim_run_2026-06-24-22-25-05_536898/work/136
158	/home/dinghy/versys/ibex-cpufuzz/bluesfl/ibex/dataset/dataset1/dataset_12/1/ibex_prefetch_buffer.sv.diff	BUILD_FAIL	1	/mnt/sda/bluesfl-tmp/cosim_run_2026-06-24-22-25-05_536898/logs/158	/mnt/sda/bluesfl-tmp/cosim_run_2026-06-24-22-25-05_536898/work/158
143	/home/dinghy/versys/ibex-cpufuzz/bluesfl/ibex/dataset/dataset1/dataset_1/12/ibex_alu.sv.diff	SIM_FAIL	1	/mnt/sda/bluesfl-tmp/cosim_run_2026-06-24-22-25-05_536898/logs/143	/mnt/sda/bluesfl-tmp/cosim_run_2026-06-24-22-25-05_536898/work/143
159	/home/dinghy/versys/ibex-cpufuzz/bluesfl/ibex/dataset/dataset1/dataset_12/2/ibex_prefetch_buffer.sv.diff	BUILD_FAIL	1	/mnt/sda/bluesfl-tmp/cosim_run_2026-06-24-22-25-05_536898/logs/159	/mnt/sda/bluesfl-tmp/cosim_run_2026-06-24-22-25-05_536898/work/159
137	/home/dinghy/versys/ibex-cpufuzz/bluesfl/ibex/dataset/dataset1/dataset_11/10/ibex_prefetch_buffer.sv.diff	OK	0	/mnt/sda/bluesfl-tmp/cosim_run_2026-06-24-22-25-05_536898/logs/137	/mnt/sda/bluesfl-tmp/cosim_run_2026-06-24-22-25-05_536898/work/137
141	/home/dinghy/versys/ibex-cpufuzz/bluesfl/ibex/dataset/dataset1/dataset_11/1/ibex_decoder.sv.diff	SIM_FAIL	1	/mnt/sda/bluesfl-tmp/cosim_run_2026-06-24-22-25-05_536898/logs/141	/mnt/sda/bluesfl-tmp/cosim_run_2026-06-24-22-25-05_536898/work/141
162	/home/dinghy/versys/ibex-cpufuzz/bluesfl/ibex/dataset/dataset1/dataset_12/5/ibex_core.sv.diff	BUILD_FAIL	1	/mnt/sda/bluesfl-tmp/cosim_run_2026-06-24-22-25-05_536898/logs/162	/mnt/sda/bluesfl-tmp/cosim_run_2026-06-24-22-25-05_536898/work/162
149	/home/dinghy/versys/ibex-cpufuzz/bluesfl/ibex/dataset/dataset1/dataset_1/17/ibex_ex_block.sv.diff	SIM_FAIL	1	/mnt/sda/bluesfl-tmp/cosim_run_2026-06-24-22-25-05_536898/logs/149	/mnt/sda/bluesfl-tmp/cosim_run_2026-06-24-22-25-05_536898/work/149
152	/home/dinghy/versys/ibex-cpufuzz/bluesfl/ibex/dataset/dataset1/dataset_11/9/ibex_alu.sv.diff	SIM_FAIL	1	/mnt/sda/bluesfl-tmp/cosim_run_2026-06-24-22-25-05_536898/logs/152	/mnt/sda/bluesfl-tmp/cosim_run_2026-06-24-22-25-05_536898/work/152
144	/home/dinghy/versys/ibex-cpufuzz/bluesfl/ibex/dataset/dataset1/dataset_11/2/ibex_compressed_decoder.sv.diff	SIM_FAIL	1	/mnt/sda/bluesfl-tmp/cosim_run_2026-06-24-22-25-05_536898/logs/144	/mnt/sda/bluesfl-tmp/cosim_run_2026-06-24-22-25-05_536898/work/144
145	/home/dinghy/versys/ibex-cpufuzz/bluesfl/ibex/dataset/dataset1/dataset_1/14/ibex_wb_stage.sv.diff	OK	0	/mnt/sda/bluesfl-tmp/cosim_run_2026-06-24-22-25-05_536898/logs/145	/mnt/sda/bluesfl-tmp/cosim_run_2026-06-24-22-25-05_536898/work/145
154	/home/dinghy/versys/ibex-cpufuzz/bluesfl/ibex/dataset/dataset1/dataset_12/11/ibex_prefetch_buffer.sv.diff	SIM_FAIL	1	/mnt/sda/bluesfl-tmp/cosim_run_2026-06-24-22-25-05_536898/logs/154	/mnt/sda/bluesfl-tmp/cosim_run_2026-06-24-22-25-05_536898/work/154
153	/home/dinghy/versys/ibex-cpufuzz/bluesfl/ibex/dataset/dataset1/dataset_12/10/ibex_fetch_fifo.sv.diff	SIM_FAIL	1	/mnt/sda/bluesfl-tmp/cosim_run_2026-06-24-22-25-05_536898/logs/153	/mnt/sda/bluesfl-tmp/cosim_run_2026-06-24-22-25-05_536898/work/153
148	/home/dinghy/versys/ibex-cpufuzz/bluesfl/ibex/dataset/dataset1/dataset_11/6/ibex_prefetch_buffer.sv.diff	OK	0	/mnt/sda/bluesfl-tmp/cosim_run_2026-06-24-22-25-05_536898/logs/148	/mnt/sda/bluesfl-tmp/cosim_run_2026-06-24-22-25-05_536898/work/148
151	/home/dinghy/versys/ibex-cpufuzz/bluesfl/ibex/dataset/dataset1/dataset_1/18/ibex_core.sv.diff	OK	0	/mnt/sda/bluesfl-tmp/cosim_run_2026-06-24-22-25-05_536898/logs/151	/mnt/sda/bluesfl-tmp/cosim_run_2026-06-24-22-25-05_536898/work/151
150	/home/dinghy/versys/ibex-cpufuzz/bluesfl/ibex/dataset/dataset1/dataset_11/8/ibex_controller.sv.diff	OK	0	/mnt/sda/bluesfl-tmp/cosim_run_2026-06-24-22-25-05_536898/logs/150	/mnt/sda/bluesfl-tmp/cosim_run_2026-06-24-22-25-05_536898/work/150
155	/home/dinghy/versys/ibex-cpufuzz/bluesfl/ibex/dataset/dataset1/dataset_12/12/ibex_controller.sv.diff	OK	0	/mnt/sda/bluesfl-tmp/cosim_run_2026-06-24-22-25-05_536898/logs/155	/mnt/sda/bluesfl-tmp/cosim_run_2026-06-24-22-25-05_536898/work/155
174	/home/dinghy/versys/ibex-cpufuzz/bluesfl/ibex/dataset/dataset1/dataset_13/4/ibex_core.sv.diff	BUILD_FAIL	1	/mnt/sda/bluesfl-tmp/cosim_run_2026-06-24-22-25-05_536898/logs/174	/mnt/sda/bluesfl-tmp/cosim_run_2026-06-24-22-25-05_536898/work/174
175	/home/dinghy/versys/ibex-cpufuzz/bluesfl/ibex/dataset/dataset1/dataset_13/5/ibex_multdiv_fast.sv.diff	BUILD_FAIL	1	/mnt/sda/bluesfl-tmp/cosim_run_2026-06-24-22-25-05_536898/logs/175	/mnt/sda/bluesfl-tmp/cosim_run_2026-06-24-22-25-05_536898/work/175
160	/home/dinghy/versys/ibex-cpufuzz/bluesfl/ibex/dataset/dataset1/dataset_12/3/ibex_fetch_fifo.sv.diff	SIM_FAIL	134	/mnt/sda/bluesfl-tmp/cosim_run_2026-06-24-22-25-05_536898/logs/160	/mnt/sda/bluesfl-tmp/cosim_run_2026-06-24-22-25-05_536898/work/160
161	/home/dinghy/versys/ibex-cpufuzz/bluesfl/ibex/dataset/dataset1/dataset_12/4/ibex_decoder.sv.diff	SIM_FAIL	1	/mnt/sda/bluesfl-tmp/cosim_run_2026-06-24-22-25-05_536898/logs/161	/mnt/sda/bluesfl-tmp/cosim_run_2026-06-24-22-25-05_536898/work/161
156	/home/dinghy/versys/ibex-cpufuzz/bluesfl/ibex/dataset/dataset1/dataset_12/13/ibex_controller.sv.diff	OK	0	/mnt/sda/bluesfl-tmp/cosim_run_2026-06-24-22-25-05_536898/logs/156	/mnt/sda/bluesfl-tmp/cosim_run_2026-06-24-22-25-05_536898/work/156
157	/home/dinghy/versys/ibex-cpufuzz/bluesfl/ibex/dataset/dataset1/dataset_12/14/ibex_decoder.sv.diff	OK	0	/mnt/sda/bluesfl-tmp/cosim_run_2026-06-24-22-25-05_536898/logs/157	/mnt/sda/bluesfl-tmp/cosim_run_2026-06-24-22-25-05_536898/work/157
178	/home/dinghy/versys/ibex-cpufuzz/bluesfl/ibex/dataset/dataset1/dataset_13/9/ibex_wb_stage.sv.diff	BUILD_FAIL	1	/mnt/sda/bluesfl-tmp/cosim_run_2026-06-24-22-25-05_536898/logs/178	/mnt/sda/bluesfl-tmp/cosim_run_2026-06-24-22-25-05_536898/work/178
164	/home/dinghy/versys/ibex-cpufuzz/bluesfl/ibex/dataset/dataset1/dataset_12/7/ibex_ex_block.sv.diff	SIM_FAIL	1	/mnt/sda/bluesfl-tmp/cosim_run_2026-06-24-22-25-05_536898/logs/164	/mnt/sda/bluesfl-tmp/cosim_run_2026-06-24-22-25-05_536898/work/164
180	/home/dinghy/versys/ibex-cpufuzz/bluesfl/ibex/dataset/dataset1/dataset_14/10/ibex_compressed_decoder.sv.diff	BUILD_FAIL	1	/mnt/sda/bluesfl-tmp/cosim_run_2026-06-24-22-25-05_536898/logs/180	/mnt/sda/bluesfl-tmp/cosim_run_2026-06-24-22-25-05_536898/work/180
165	/home/dinghy/versys/ibex-cpufuzz/bluesfl/ibex/dataset/dataset1/dataset_12/9/ibex_controller.sv.diff	SIM_FAIL	1	/mnt/sda/bluesfl-tmp/cosim_run_2026-06-24-22-25-05_536898/logs/165	/mnt/sda/bluesfl-tmp/cosim_run_2026-06-24-22-25-05_536898/work/165
166	/home/dinghy/versys/ibex-cpufuzz/bluesfl/ibex/dataset/dataset1/dataset_13/0/ibex_controller.sv.diff	SIM_FAIL	1	/mnt/sda/bluesfl-tmp/cosim_run_2026-06-24-22-25-05_536898/logs/166	/mnt/sda/bluesfl-tmp/cosim_run_2026-06-24-22-25-05_536898/work/166
163	/home/dinghy/versys/ibex-cpufuzz/bluesfl/ibex/dataset/dataset1/dataset_12/6/ibex_load_store_unit.sv.diff	OK	0	/mnt/sda/bluesfl-tmp/cosim_run_2026-06-24-22-25-05_536898/logs/163	/mnt/sda/bluesfl-tmp/cosim_run_2026-06-24-22-25-05_536898/work/163
185	/home/dinghy/versys/ibex-cpufuzz/bluesfl/ibex/dataset/dataset1/dataset_14/4/ibex_if_stage.sv.diff	BUILD_FAIL	1	/mnt/sda/bluesfl-tmp/cosim_run_2026-06-24-22-25-05_536898/logs/185	/mnt/sda/bluesfl-tmp/cosim_run_2026-06-24-22-25-05_536898/work/185
169	/home/dinghy/versys/ibex-cpufuzz/bluesfl/ibex/dataset/dataset1/dataset_13/12/ibex_id_stage.sv.diff	SIM_FAIL	1	/mnt/sda/bluesfl-tmp/cosim_run_2026-06-24-22-25-05_536898/logs/169	/mnt/sda/bluesfl-tmp/cosim_run_2026-06-24-22-25-05_536898/work/169
172	/home/dinghy/versys/ibex-cpufuzz/bluesfl/ibex/dataset/dataset1/dataset_13/2/ibex_multdiv_fast.sv.diff	SIM_FAIL	1	/mnt/sda/bluesfl-tmp/cosim_run_2026-06-24-22-25-05_536898/logs/172	/mnt/sda/bluesfl-tmp/cosim_run_2026-06-24-22-25-05_536898/work/172
168	/home/dinghy/versys/ibex-cpufuzz/bluesfl/ibex/dataset/dataset1/dataset_13/11/ibex_id_stage.sv.diff	OK	0	/mnt/sda/bluesfl-tmp/cosim_run_2026-06-24-22-25-05_536898/logs/168	/mnt/sda/bluesfl-tmp/cosim_run_2026-06-24-22-25-05_536898/work/168
190	/home/dinghy/versys/ibex-cpufuzz/bluesfl/ibex/dataset/dataset1/dataset_15/10/ibex_alu.sv.diff	BUILD_FAIL	1	/mnt/sda/bluesfl-tmp/cosim_run_2026-06-24-22-25-05_536898/logs/190	/mnt/sda/bluesfl-tmp/cosim_run_2026-06-24-22-25-05_536898/work/190
167	/home/dinghy/versys/ibex-cpufuzz/bluesfl/ibex/dataset/dataset1/dataset_13/10/ibex_ex_block.sv.diff	OK	0	/mnt/sda/bluesfl-tmp/cosim_run_2026-06-24-22-25-05_536898/logs/167	/mnt/sda/bluesfl-tmp/cosim_run_2026-06-24-22-25-05_536898/work/167
170	/home/dinghy/versys/ibex-cpufuzz/bluesfl/ibex/dataset/dataset1/dataset_13/13/ibex_if_stage.sv.diff	OK	0	/mnt/sda/bluesfl-tmp/cosim_run_2026-06-24-22-25-05_536898/logs/170	/mnt/sda/bluesfl-tmp/cosim_run_2026-06-24-22-25-05_536898/work/170
171	/home/dinghy/versys/ibex-cpufuzz/bluesfl/ibex/dataset/dataset1/dataset_13/1/ibex_decoder.sv.diff	OK	0	/mnt/sda/bluesfl-tmp/cosim_run_2026-06-24-22-25-05_536898/logs/171	/mnt/sda/bluesfl-tmp/cosim_run_2026-06-24-22-25-05_536898/work/171
179	/home/dinghy/versys/ibex-cpufuzz/bluesfl/ibex/dataset/dataset1/dataset_14/0/ibex_if_stage.sv.diff	SIM_FAIL	1	/mnt/sda/bluesfl-tmp/cosim_run_2026-06-24-22-25-05_536898/logs/179	/mnt/sda/bluesfl-tmp/cosim_run_2026-06-24-22-25-05_536898/work/179
194	/home/dinghy/versys/ibex-cpufuzz/bluesfl/ibex/dataset/dataset1/dataset_15/2/ibex_if_stage.sv.diff	BUILD_FAIL	1	/mnt/sda/bluesfl-tmp/cosim_run_2026-06-24-22-25-05_536898/logs/194	/mnt/sda/bluesfl-tmp/cosim_run_2026-06-24-22-25-05_536898/work/194
173	/home/dinghy/versys/ibex-cpufuzz/bluesfl/ibex/dataset/dataset1/dataset_13/3/ibex_counter.sv.diff	OK	0	/mnt/sda/bluesfl-tmp/cosim_run_2026-06-24-22-25-05_536898/logs/173	/mnt/sda/bluesfl-tmp/cosim_run_2026-06-24-22-25-05_536898/work/173
183	/home/dinghy/versys/ibex-cpufuzz/bluesfl/ibex/dataset/dataset1/dataset_14/13/ibex_fetch_fifo.sv.diff	SIM_FAIL	1	/mnt/sda/bluesfl-tmp/cosim_run_2026-06-24-22-25-05_536898/logs/183	/mnt/sda/bluesfl-tmp/cosim_run_2026-06-24-22-25-05_536898/work/183
176	/home/dinghy/versys/ibex-cpufuzz/bluesfl/ibex/dataset/dataset1/dataset_13/6/ibex_ex_block.sv.diff	OK	0	/mnt/sda/bluesfl-tmp/cosim_run_2026-06-24-22-25-05_536898/logs/176	/mnt/sda/bluesfl-tmp/cosim_run_2026-06-24-22-25-05_536898/work/176
177	/home/dinghy/versys/ibex-cpufuzz/bluesfl/ibex/dataset/dataset1/dataset_13/8/ibex_controller.sv.diff	OK	0	/mnt/sda/bluesfl-tmp/cosim_run_2026-06-24-22-25-05_536898/logs/177	/mnt/sda/bluesfl-tmp/cosim_run_2026-06-24-22-25-05_536898/work/177
186	/home/dinghy/versys/ibex-cpufuzz/bluesfl/ibex/dataset/dataset1/dataset_14/5/ibex_ex_block.sv.diff	SIM_FAIL	1	/mnt/sda/bluesfl-tmp/cosim_run_2026-06-24-22-25-05_536898/logs/186	/mnt/sda/bluesfl-tmp/cosim_run_2026-06-24-22-25-05_536898/work/186
187	/home/dinghy/versys/ibex-cpufuzz/bluesfl/ibex/dataset/dataset1/dataset_14/6/ibex_controller.sv.diff	SIM_FAIL	1	/mnt/sda/bluesfl-tmp/cosim_run_2026-06-24-22-25-05_536898/logs/187	/mnt/sda/bluesfl-tmp/cosim_run_2026-06-24-22-25-05_536898/work/187
182	/home/dinghy/versys/ibex-cpufuzz/bluesfl/ibex/dataset/dataset1/dataset_14/12/ibex_id_stage.sv.diff	OK	0	/mnt/sda/bluesfl-tmp/cosim_run_2026-06-24-22-25-05_536898/logs/182	/mnt/sda/bluesfl-tmp/cosim_run_2026-06-24-22-25-05_536898/work/182
181	/home/dinghy/versys/ibex-cpufuzz/bluesfl/ibex/dataset/dataset1/dataset_14/11/ibex_multdiv_fast.sv.diff	OK	0	/mnt/sda/bluesfl-tmp/cosim_run_2026-06-24-22-25-05_536898/logs/181	/mnt/sda/bluesfl-tmp/cosim_run_2026-06-24-22-25-05_536898/work/181
201	/home/dinghy/versys/ibex-cpufuzz/bluesfl/ibex/dataset/dataset1/dataset_1/5/ibex_counter.sv.diff	BUILD_FAIL	1	/mnt/sda/bluesfl-tmp/cosim_run_2026-06-24-22-25-05_536898/logs/201	/mnt/sda/bluesfl-tmp/cosim_run_2026-06-24-22-25-05_536898/work/201
205	/home/dinghy/versys/ibex-cpufuzz/bluesfl/ibex/dataset/dataset1/dataset_16/12/ibex_controller.sv.diff	BUILD_FAIL	1	/mnt/sda/bluesfl-tmp/cosim_run_2026-06-24-22-25-05_536898/logs/205	/mnt/sda/bluesfl-tmp/cosim_run_2026-06-24-22-25-05_536898/work/205
206	/home/dinghy/versys/ibex-cpufuzz/bluesfl/ibex/dataset/dataset1/dataset_16/13/ibex_decoder.sv.diff	BUILD_FAIL	1	/mnt/sda/bluesfl-tmp/cosim_run_2026-06-24-22-25-05_536898/logs/206	/mnt/sda/bluesfl-tmp/cosim_run_2026-06-24-22-25-05_536898/work/206
188	/home/dinghy/versys/ibex-cpufuzz/bluesfl/ibex/dataset/dataset1/dataset_14/8/ibex_alu.sv.diff	SIM_FAIL	1	/mnt/sda/bluesfl-tmp/cosim_run_2026-06-24-22-25-05_536898/logs/188	/mnt/sda/bluesfl-tmp/cosim_run_2026-06-24-22-25-05_536898/work/188
184	/home/dinghy/versys/ibex-cpufuzz/bluesfl/ibex/dataset/dataset1/dataset_14/14/ibex_id_stage.sv.diff	OK	0	/mnt/sda/bluesfl-tmp/cosim_run_2026-06-24-22-25-05_536898/logs/184	/mnt/sda/bluesfl-tmp/cosim_run_2026-06-24-22-25-05_536898/work/184
192	/home/dinghy/versys/ibex-cpufuzz/bluesfl/ibex/dataset/dataset1/dataset_15/12/ibex_decoder.sv.diff	SIM_FAIL	1	/mnt/sda/bluesfl-tmp/cosim_run_2026-06-24-22-25-05_536898/logs/192	/mnt/sda/bluesfl-tmp/cosim_run_2026-06-24-22-25-05_536898/work/192
197	/home/dinghy/versys/ibex-cpufuzz/bluesfl/ibex/dataset/dataset1/dataset_15/5/ibex_core.sv.diff	SIM_FAIL	1	/mnt/sda/bluesfl-tmp/cosim_run_2026-06-24-22-25-05_536898/logs/197	/mnt/sda/bluesfl-tmp/cosim_run_2026-06-24-22-25-05_536898/work/197
189	/home/dinghy/versys/ibex-cpufuzz/bluesfl/ibex/dataset/dataset1/dataset_15/0/ibex_prefetch_buffer.sv.diff	OK	0	/mnt/sda/bluesfl-tmp/cosim_run_2026-06-24-22-25-05_536898/logs/189	/mnt/sda/bluesfl-tmp/cosim_run_2026-06-24-22-25-05_536898/work/189
198	/home/dinghy/versys/ibex-cpufuzz/bluesfl/ibex/dataset/dataset1/dataset_15/6/ibex_multdiv_fast.sv.diff	SIM_FAIL	1	/mnt/sda/bluesfl-tmp/cosim_run_2026-06-24-22-25-05_536898/logs/198	/mnt/sda/bluesfl-tmp/cosim_run_2026-06-24-22-25-05_536898/work/198
213	/home/dinghy/versys/ibex-cpufuzz/bluesfl/ibex/dataset/dataset1/dataset_16/8/ibex_multdiv_fast.sv.diff	BUILD_FAIL	1	/mnt/sda/bluesfl-tmp/cosim_run_2026-06-24-22-25-05_536898/logs/213	/mnt/sda/bluesfl-tmp/cosim_run_2026-06-24-22-25-05_536898/work/213
191	/home/dinghy/versys/ibex-cpufuzz/bluesfl/ibex/dataset/dataset1/dataset_15/11/ibex_decoder.sv.diff	OK	0	/mnt/sda/bluesfl-tmp/cosim_run_2026-06-24-22-25-05_536898/logs/191	/mnt/sda/bluesfl-tmp/cosim_run_2026-06-24-22-25-05_536898/work/191
91	/home/dinghy/versys/ibex-cpufuzz/bluesfl/ibex/dataset/dataset0/dataset_6/1/ibex_id_stage.sv.diff	TIMEOUT	143	/mnt/sda/bluesfl-tmp/cosim_run_2026-06-24-22-25-05_536898/logs/91	/mnt/sda/bluesfl-tmp/cosim_run_2026-06-24-22-25-05_536898/work/91
195	/home/dinghy/versys/ibex-cpufuzz/bluesfl/ibex/dataset/dataset1/dataset_15/3/ibex_multdiv_fast.sv.diff	OK	0	/mnt/sda/bluesfl-tmp/cosim_run_2026-06-24-22-25-05_536898/logs/195	/mnt/sda/bluesfl-tmp/cosim_run_2026-06-24-22-25-05_536898/work/195
196	/home/dinghy/versys/ibex-cpufuzz/bluesfl/ibex/dataset/dataset1/dataset_15/4/ibex_decoder.sv.diff	OK	0	/mnt/sda/bluesfl-tmp/cosim_run_2026-06-24-22-25-05_536898/logs/196	/mnt/sda/bluesfl-tmp/cosim_run_2026-06-24-22-25-05_536898/work/196
202	/home/dinghy/versys/ibex-cpufuzz/bluesfl/ibex/dataset/dataset1/dataset_16/0/ibex_decoder.sv.diff	SIM_FAIL	1	/mnt/sda/bluesfl-tmp/cosim_run_2026-06-24-22-25-05_536898/logs/202	/mnt/sda/bluesfl-tmp/cosim_run_2026-06-24-22-25-05_536898/work/202
203	/home/dinghy/versys/ibex-cpufuzz/bluesfl/ibex/dataset/dataset1/dataset_16/10/ibex_fetch_fifo.sv.diff	SIM_FAIL	1	/mnt/sda/bluesfl-tmp/cosim_run_2026-06-24-22-25-05_536898/logs/203	/mnt/sda/bluesfl-tmp/cosim_run_2026-06-24-22-25-05_536898/work/203
207	/home/dinghy/versys/ibex-cpufuzz/bluesfl/ibex/dataset/dataset1/dataset_16/14/ibex_multdiv_fast.sv.diff	SIM_FAIL	1	/mnt/sda/bluesfl-tmp/cosim_run_2026-06-24-22-25-05_536898/logs/207	/mnt/sda/bluesfl-tmp/cosim_run_2026-06-24-22-25-05_536898/work/207
199	/home/dinghy/versys/ibex-cpufuzz/bluesfl/ibex/dataset/dataset1/dataset_15/8/ibex_decoder.sv.diff	OK	0	/mnt/sda/bluesfl-tmp/cosim_run_2026-06-24-22-25-05_536898/logs/199	/mnt/sda/bluesfl-tmp/cosim_run_2026-06-24-22-25-05_536898/work/199
200	/home/dinghy/versys/ibex-cpufuzz/bluesfl/ibex/dataset/dataset1/dataset_15/9/ibex_if_stage.sv.diff	OK	0	/mnt/sda/bluesfl-tmp/cosim_run_2026-06-24-22-25-05_536898/logs/200	/mnt/sda/bluesfl-tmp/cosim_run_2026-06-24-22-25-05_536898/work/200
204	/home/dinghy/versys/ibex-cpufuzz/bluesfl/ibex/dataset/dataset1/dataset_16/11/ibex_decoder.sv.diff	OK	0	/mnt/sda/bluesfl-tmp/cosim_run_2026-06-24-22-25-05_536898/logs/204	/mnt/sda/bluesfl-tmp/cosim_run_2026-06-24-22-25-05_536898/work/204
210	/home/dinghy/versys/ibex-cpufuzz/bluesfl/ibex/dataset/dataset1/dataset_16/4/ibex_decoder.sv.diff	SIM_FAIL	1	/mnt/sda/bluesfl-tmp/cosim_run_2026-06-24-22-25-05_536898/logs/210	/mnt/sda/bluesfl-tmp/cosim_run_2026-06-24-22-25-05_536898/work/210
208	/home/dinghy/versys/ibex-cpufuzz/bluesfl/ibex/dataset/dataset1/dataset_16/1/ibex_controller.sv.diff	OK	0	/mnt/sda/bluesfl-tmp/cosim_run_2026-06-24-22-25-05_536898/logs/208	/mnt/sda/bluesfl-tmp/cosim_run_2026-06-24-22-25-05_536898/work/208
209	/home/dinghy/versys/ibex-cpufuzz/bluesfl/ibex/dataset/dataset1/dataset_16/2/ibex_id_stage.sv.diff	OK	0	/mnt/sda/bluesfl-tmp/cosim_run_2026-06-24-22-25-05_536898/logs/209	/mnt/sda/bluesfl-tmp/cosim_run_2026-06-24-22-25-05_536898/work/209
214	/home/dinghy/versys/ibex-cpufuzz/bluesfl/ibex/dataset/dataset1/dataset_16/9/ibex_controller.sv.diff	SIM_FAIL	1	/mnt/sda/bluesfl-tmp/cosim_run_2026-06-24-22-25-05_536898/logs/214	/mnt/sda/bluesfl-tmp/cosim_run_2026-06-24-22-25-05_536898/work/214
215	/home/dinghy/versys/ibex-cpufuzz/bluesfl/ibex/dataset/dataset1/dataset_1/6/ibex_controller.sv.diff	SIM_FAIL	1	/mnt/sda/bluesfl-tmp/cosim_run_2026-06-24-22-25-05_536898/logs/215	/mnt/sda/bluesfl-tmp/cosim_run_2026-06-24-22-25-05_536898/work/215
216	/home/dinghy/versys/ibex-cpufuzz/bluesfl/ibex/dataset/dataset1/dataset_17/0/ibex_fetch_fifo.sv.diff	SIM_FAIL	1	/mnt/sda/bluesfl-tmp/cosim_run_2026-06-24-22-25-05_536898/logs/216	/mnt/sda/bluesfl-tmp/cosim_run_2026-06-24-22-25-05_536898/work/216
211	/home/dinghy/versys/ibex-cpufuzz/bluesfl/ibex/dataset/dataset1/dataset_16/6/ibex_if_stage.sv.diff	OK	0	/mnt/sda/bluesfl-tmp/cosim_run_2026-06-24-22-25-05_536898/logs/211	/mnt/sda/bluesfl-tmp/cosim_run_2026-06-24-22-25-05_536898/work/211
212	/home/dinghy/versys/ibex-cpufuzz/bluesfl/ibex/dataset/dataset1/dataset_16/7/ibex_fetch_fifo.sv.diff	SIM_FAIL	1	/mnt/sda/bluesfl-tmp/cosim_run_2026-06-24-22-25-05_536898/logs/212	/mnt/sda/bluesfl-tmp/cosim_run_2026-06-24-22-25-05_536898/work/212
219	/home/dinghy/versys/ibex-cpufuzz/bluesfl/ibex/dataset/dataset1/dataset_17/12/ibex_controller.sv.diff	SIM_FAIL	1	/mnt/sda/bluesfl-tmp/cosim_run_2026-06-24-22-25-05_536898/logs/219	/mnt/sda/bluesfl-tmp/cosim_run_2026-06-24-22-25-05_536898/work/219
223	/home/dinghy/versys/ibex-cpufuzz/bluesfl/ibex/dataset/dataset1/dataset_17/2/ibex_prefetch_buffer.sv.diff	SIM_FAIL	1	/mnt/sda/bluesfl-tmp/cosim_run_2026-06-24-22-25-05_536898/logs/223	/mnt/sda/bluesfl-tmp/cosim_run_2026-06-24-22-25-05_536898/work/223
217	/home/dinghy/versys/ibex-cpufuzz/bluesfl/ibex/dataset/dataset1/dataset_17/10/ibex_multdiv_fast.sv.diff	OK	0	/mnt/sda/bluesfl-tmp/cosim_run_2026-06-24-22-25-05_536898/logs/217	/mnt/sda/bluesfl-tmp/cosim_run_2026-06-24-22-25-05_536898/work/217
234	/home/dinghy/versys/ibex-cpufuzz/bluesfl/ibex/dataset/dataset1/dataset_18/12/ibex_multdiv_fast.sv.diff	BUILD_FAIL	1	/mnt/sda/bluesfl-tmp/cosim_run_2026-06-24-22-25-05_536898/logs/234	/mnt/sda/bluesfl-tmp/cosim_run_2026-06-24-22-25-05_536898/work/234
117	/home/dinghy/versys/ibex-cpufuzz/bluesfl/ibex/dataset/dataset1/dataset_0/6/ibex_multdiv_fast.sv.diff	TIMEOUT	143	/mnt/sda/bluesfl-tmp/cosim_run_2026-06-24-22-25-05_536898/logs/117	/mnt/sda/bluesfl-tmp/cosim_run_2026-06-24-22-25-05_536898/work/117
235	/home/dinghy/versys/ibex-cpufuzz/bluesfl/ibex/dataset/dataset1/dataset_18/13/ibex_cs_registers.sv.diff	BUILD_FAIL	1	/mnt/sda/bluesfl-tmp/cosim_run_2026-06-24-22-25-05_536898/logs/235	/mnt/sda/bluesfl-tmp/cosim_run_2026-06-24-22-25-05_536898/work/235
236	/home/dinghy/versys/ibex-cpufuzz/bluesfl/ibex/dataset/dataset1/dataset_18/14/ibex_counter.sv.diff	BUILD_FAIL	1	/mnt/sda/bluesfl-tmp/cosim_run_2026-06-24-22-25-05_536898/logs/236	/mnt/sda/bluesfl-tmp/cosim_run_2026-06-24-22-25-05_536898/work/236
238	/home/dinghy/versys/ibex-cpufuzz/bluesfl/ibex/dataset/dataset1/dataset_18/2/ibex_alu.sv.diff	BUILD_FAIL	1	/mnt/sda/bluesfl-tmp/cosim_run_2026-06-24-22-25-05_536898/logs/238	/mnt/sda/bluesfl-tmp/cosim_run_2026-06-24-22-25-05_536898/work/238
239	/home/dinghy/versys/ibex-cpufuzz/bluesfl/ibex/dataset/dataset1/dataset_18/3/ibex_alu.sv.diff	BUILD_FAIL	1	/mnt/sda/bluesfl-tmp/cosim_run_2026-06-24-22-25-05_536898/logs/239	/mnt/sda/bluesfl-tmp/cosim_run_2026-06-24-22-25-05_536898/work/239
240	/home/dinghy/versys/ibex-cpufuzz/bluesfl/ibex/dataset/dataset1/dataset_18/4/ibex_compressed_decoder.sv.diff	BUILD_FAIL	1	/mnt/sda/bluesfl-tmp/cosim_run_2026-06-24-22-25-05_536898/logs/240	/mnt/sda/bluesfl-tmp/cosim_run_2026-06-24-22-25-05_536898/work/240
218	/home/dinghy/versys/ibex-cpufuzz/bluesfl/ibex/dataset/dataset1/dataset_17/11/ibex_core.sv.diff	OK	0	/mnt/sda/bluesfl-tmp/cosim_run_2026-06-24-22-25-05_536898/logs/218	/mnt/sda/bluesfl-tmp/cosim_run_2026-06-24-22-25-05_536898/work/218
241	/home/dinghy/versys/ibex-cpufuzz/bluesfl/ibex/dataset/dataset1/dataset_18/5/ibex_load_store_unit.sv.diff	BUILD_FAIL	1	/mnt/sda/bluesfl-tmp/cosim_run_2026-06-24-22-25-05_536898/logs/241	/mnt/sda/bluesfl-tmp/cosim_run_2026-06-24-22-25-05_536898/work/241
242	/home/dinghy/versys/ibex-cpufuzz/bluesfl/ibex/dataset/dataset1/dataset_18/6/ibex_id_stage.sv.diff	BUILD_FAIL	1	/mnt/sda/bluesfl-tmp/cosim_run_2026-06-24-22-25-05_536898/logs/242	/mnt/sda/bluesfl-tmp/cosim_run_2026-06-24-22-25-05_536898/work/242
220	/home/dinghy/versys/ibex-cpufuzz/bluesfl/ibex/dataset/dataset1/dataset_17/13/ibex_wb_stage.sv.diff	OK	0	/mnt/sda/bluesfl-tmp/cosim_run_2026-06-24-22-25-05_536898/logs/220	/mnt/sda/bluesfl-tmp/cosim_run_2026-06-24-22-25-05_536898/work/220
225	/home/dinghy/versys/ibex-cpufuzz/bluesfl/ibex/dataset/dataset1/dataset_17/4/ibex_core.sv.diff	SIM_FAIL	1	/mnt/sda/bluesfl-tmp/cosim_run_2026-06-24-22-25-05_536898/logs/225	/mnt/sda/bluesfl-tmp/cosim_run_2026-06-24-22-25-05_536898/work/225
226	/home/dinghy/versys/ibex-cpufuzz/bluesfl/ibex/dataset/dataset1/dataset_17/5/ibex_fetch_fifo.sv.diff	SIM_FAIL	1	/mnt/sda/bluesfl-tmp/cosim_run_2026-06-24-22-25-05_536898/logs/226	/mnt/sda/bluesfl-tmp/cosim_run_2026-06-24-22-25-05_536898/work/226
222	/home/dinghy/versys/ibex-cpufuzz/bluesfl/ibex/dataset/dataset1/dataset_17/1/ibex_multdiv_fast.sv.diff	OK	0	/mnt/sda/bluesfl-tmp/cosim_run_2026-06-24-22-25-05_536898/logs/222	/mnt/sda/bluesfl-tmp/cosim_run_2026-06-24-22-25-05_536898/work/222
122	/home/dinghy/versys/ibex-cpufuzz/bluesfl/ibex/dataset/dataset1/dataset_10/10/ibex_load_store_unit.sv.diff	TIMEOUT	143	/mnt/sda/bluesfl-tmp/cosim_run_2026-06-24-22-25-05_536898/logs/122	/mnt/sda/bluesfl-tmp/cosim_run_2026-06-24-22-25-05_536898/work/122
224	/home/dinghy/versys/ibex-cpufuzz/bluesfl/ibex/dataset/dataset1/dataset_17/3/ibex_load_store_unit.sv.diff	OK	0	/mnt/sda/bluesfl-tmp/cosim_run_2026-06-24-22-25-05_536898/logs/224	/mnt/sda/bluesfl-tmp/cosim_run_2026-06-24-22-25-05_536898/work/224
229	/home/dinghy/versys/ibex-cpufuzz/bluesfl/ibex/dataset/dataset1/dataset_17/8/ibex_controller.sv.diff	SIM_FAIL	1	/mnt/sda/bluesfl-tmp/cosim_run_2026-06-24-22-25-05_536898/logs/229	/mnt/sda/bluesfl-tmp/cosim_run_2026-06-24-22-25-05_536898/work/229
227	/home/dinghy/versys/ibex-cpufuzz/bluesfl/ibex/dataset/dataset1/dataset_17/6/ibex_core.sv.diff	OK	0	/mnt/sda/bluesfl-tmp/cosim_run_2026-06-24-22-25-05_536898/logs/227	/mnt/sda/bluesfl-tmp/cosim_run_2026-06-24-22-25-05_536898/work/227
228	/home/dinghy/versys/ibex-cpufuzz/bluesfl/ibex/dataset/dataset1/dataset_17/7/ibex_core.sv.diff	OK	0	/mnt/sda/bluesfl-tmp/cosim_run_2026-06-24-22-25-05_536898/logs/228	/mnt/sda/bluesfl-tmp/cosim_run_2026-06-24-22-25-05_536898/work/228
232	/home/dinghy/versys/ibex-cpufuzz/bluesfl/ibex/dataset/dataset1/dataset_18/10/ibex_counter.sv.diff	SIM_FAIL	134	/mnt/sda/bluesfl-tmp/cosim_run_2026-06-24-22-25-05_536898/logs/232	/mnt/sda/bluesfl-tmp/cosim_run_2026-06-24-22-25-05_536898/work/232
233	/home/dinghy/versys/ibex-cpufuzz/bluesfl/ibex/dataset/dataset1/dataset_18/11/ibex_multdiv_fast.sv.diff	SIM_FAIL	1	/mnt/sda/bluesfl-tmp/cosim_run_2026-06-24-22-25-05_536898/logs/233	/mnt/sda/bluesfl-tmp/cosim_run_2026-06-24-22-25-05_536898/work/233
237	/home/dinghy/versys/ibex-cpufuzz/bluesfl/ibex/dataset/dataset1/dataset_18/1/ibex_alu.sv.diff	SIM_FAIL	1	/mnt/sda/bluesfl-tmp/cosim_run_2026-06-24-22-25-05_536898/logs/237	/mnt/sda/bluesfl-tmp/cosim_run_2026-06-24-22-25-05_536898/work/237
230	/home/dinghy/versys/ibex-cpufuzz/bluesfl/ibex/dataset/dataset1/dataset_17/9/ibex_controller.sv.diff	OK	0	/mnt/sda/bluesfl-tmp/cosim_run_2026-06-24-22-25-05_536898/logs/230	/mnt/sda/bluesfl-tmp/cosim_run_2026-06-24-22-25-05_536898/work/230
257	/home/dinghy/versys/ibex-cpufuzz/bluesfl/ibex/dataset/dataset1/dataset_19/8/ibex_compressed_decoder.sv.diff	BUILD_FAIL	1	/mnt/sda/bluesfl-tmp/cosim_run_2026-06-24-22-25-05_536898/logs/257	/mnt/sda/bluesfl-tmp/cosim_run_2026-06-24-22-25-05_536898/work/257
139	/home/dinghy/versys/ibex-cpufuzz/bluesfl/ibex/dataset/dataset1/dataset_11/13/ibex_controller.sv.diff	TIMEOUT	143	/mnt/sda/bluesfl-tmp/cosim_run_2026-06-24-22-25-05_536898/logs/139	/mnt/sda/bluesfl-tmp/cosim_run_2026-06-24-22-25-05_536898/work/139
231	/home/dinghy/versys/ibex-cpufuzz/bluesfl/ibex/dataset/dataset1/dataset_18/0/ibex_if_stage.sv.diff	OK	0	/mnt/sda/bluesfl-tmp/cosim_run_2026-06-24-22-25-05_536898/logs/231	/mnt/sda/bluesfl-tmp/cosim_run_2026-06-24-22-25-05_536898/work/231
260	/home/dinghy/versys/ibex-cpufuzz/bluesfl/ibex/dataset/dataset1/dataset_20/10/ibex_alu.sv.diff	BUILD_FAIL	1	/mnt/sda/bluesfl-tmp/cosim_run_2026-06-24-22-25-05_536898/logs/260	/mnt/sda/bluesfl-tmp/cosim_run_2026-06-24-22-25-05_536898/work/260
246	/home/dinghy/versys/ibex-cpufuzz/bluesfl/ibex/dataset/dataset1/dataset_19/0/ibex_prefetch_buffer.sv.diff	SIM_FAIL	1	/mnt/sda/bluesfl-tmp/cosim_run_2026-06-24-22-25-05_536898/logs/246	/mnt/sda/bluesfl-tmp/cosim_run_2026-06-24-22-25-05_536898/work/246
247	/home/dinghy/versys/ibex-cpufuzz/bluesfl/ibex/dataset/dataset1/dataset_19/11/ibex_alu.sv.diff	SIM_FAIL	1	/mnt/sda/bluesfl-tmp/cosim_run_2026-06-24-22-25-05_536898/logs/247	/mnt/sda/bluesfl-tmp/cosim_run_2026-06-24-22-25-05_536898/work/247
248	/home/dinghy/versys/ibex-cpufuzz/bluesfl/ibex/dataset/dataset1/dataset_19/12/ibex_controller.sv.diff	SIM_FAIL	1	/mnt/sda/bluesfl-tmp/cosim_run_2026-06-24-22-25-05_536898/logs/248	/mnt/sda/bluesfl-tmp/cosim_run_2026-06-24-22-25-05_536898/work/248
250	/home/dinghy/versys/ibex-cpufuzz/bluesfl/ibex/dataset/dataset1/dataset_19/1/ibex_decoder.sv.diff	SIM_FAIL	1	/mnt/sda/bluesfl-tmp/cosim_run_2026-06-24-22-25-05_536898/logs/250	/mnt/sda/bluesfl-tmp/cosim_run_2026-06-24-22-25-05_536898/work/250
265	/home/dinghy/versys/ibex-cpufuzz/bluesfl/ibex/dataset/dataset1/dataset_20/1/ibex_multdiv_fast.sv.diff	BUILD_FAIL	1	/mnt/sda/bluesfl-tmp/cosim_run_2026-06-24-22-25-05_536898/logs/265	/mnt/sda/bluesfl-tmp/cosim_run_2026-06-24-22-25-05_536898/work/265
243	/home/dinghy/versys/ibex-cpufuzz/bluesfl/ibex/dataset/dataset1/dataset_18/7/ibex_multdiv_fast.sv.diff	OK	0	/mnt/sda/bluesfl-tmp/cosim_run_2026-06-24-22-25-05_536898/logs/243	/mnt/sda/bluesfl-tmp/cosim_run_2026-06-24-22-25-05_536898/work/243
245	/home/dinghy/versys/ibex-cpufuzz/bluesfl/ibex/dataset/dataset1/dataset_18/9/ibex_load_store_unit.sv.diff	OK	0	/mnt/sda/bluesfl-tmp/cosim_run_2026-06-24-22-25-05_536898/logs/245	/mnt/sda/bluesfl-tmp/cosim_run_2026-06-24-22-25-05_536898/work/245
244	/home/dinghy/versys/ibex-cpufuzz/bluesfl/ibex/dataset/dataset1/dataset_18/8/ibex_controller.sv.diff	OK	0	/mnt/sda/bluesfl-tmp/cosim_run_2026-06-24-22-25-05_536898/logs/244	/mnt/sda/bluesfl-tmp/cosim_run_2026-06-24-22-25-05_536898/work/244
252	/home/dinghy/versys/ibex-cpufuzz/bluesfl/ibex/dataset/dataset1/dataset_19/3/ibex_ex_block.sv.diff	SIM_FAIL	1	/mnt/sda/bluesfl-tmp/cosim_run_2026-06-24-22-25-05_536898/logs/252	/mnt/sda/bluesfl-tmp/cosim_run_2026-06-24-22-25-05_536898/work/252
271	/home/dinghy/versys/ibex-cpufuzz/bluesfl/ibex/dataset/dataset1/dataset_20/7/ibex_ex_block.sv.diff	BUILD_FAIL	1	/mnt/sda/bluesfl-tmp/cosim_run_2026-06-24-22-25-05_536898/logs/271	/mnt/sda/bluesfl-tmp/cosim_run_2026-06-24-22-25-05_536898/work/271
272	/home/dinghy/versys/ibex-cpufuzz/bluesfl/ibex/dataset/dataset1/dataset_20/8/ibex_ex_block.sv.diff	BUILD_FAIL	1	/mnt/sda/bluesfl-tmp/cosim_run_2026-06-24-22-25-05_536898/logs/272	/mnt/sda/bluesfl-tmp/cosim_run_2026-06-24-22-25-05_536898/work/272
249	/home/dinghy/versys/ibex-cpufuzz/bluesfl/ibex/dataset/dataset1/dataset_19/13/ibex_wb_stage.sv.diff	OK	0	/mnt/sda/bluesfl-tmp/cosim_run_2026-06-24-22-25-05_536898/logs/249	/mnt/sda/bluesfl-tmp/cosim_run_2026-06-24-22-25-05_536898/work/249
274	/home/dinghy/versys/ibex-cpufuzz/bluesfl/ibex/dataset/dataset1/dataset_2/0/ibex_fetch_fifo.sv.diff	BUILD_FAIL	1	/mnt/sda/bluesfl-tmp/cosim_run_2026-06-24-22-25-05_536898/logs/274	/mnt/sda/bluesfl-tmp/cosim_run_2026-06-24-22-25-05_536898/work/274
275	/home/dinghy/versys/ibex-cpufuzz/bluesfl/ibex/dataset/dataset1/dataset_21/0/ibex_alu.sv.diff	BUILD_FAIL	1	/mnt/sda/bluesfl-tmp/cosim_run_2026-06-24-22-25-05_536898/logs/275	/mnt/sda/bluesfl-tmp/cosim_run_2026-06-24-22-25-05_536898/work/275
255	/home/dinghy/versys/ibex-cpufuzz/bluesfl/ibex/dataset/dataset1/dataset_19/6/ibex_alu.sv.diff	SIM_FAIL	1	/mnt/sda/bluesfl-tmp/cosim_run_2026-06-24-22-25-05_536898/logs/255	/mnt/sda/bluesfl-tmp/cosim_run_2026-06-24-22-25-05_536898/work/255
251	/home/dinghy/versys/ibex-cpufuzz/bluesfl/ibex/dataset/dataset1/dataset_19/2/ibex_decoder.sv.diff	OK	0	/mnt/sda/bluesfl-tmp/cosim_run_2026-06-24-22-25-05_536898/logs/251	/mnt/sda/bluesfl-tmp/cosim_run_2026-06-24-22-25-05_536898/work/251
253	/home/dinghy/versys/ibex-cpufuzz/bluesfl/ibex/dataset/dataset1/dataset_19/4/ibex_wb_stage.sv.diff	OK	0	/mnt/sda/bluesfl-tmp/cosim_run_2026-06-24-22-25-05_536898/logs/253	/mnt/sda/bluesfl-tmp/cosim_run_2026-06-24-22-25-05_536898/work/253
279	/home/dinghy/versys/ibex-cpufuzz/bluesfl/ibex/dataset/dataset1/dataset_21/12/ibex_cs_registers.sv.diff	BUILD_FAIL	1	/mnt/sda/bluesfl-tmp/cosim_run_2026-06-24-22-25-05_536898/logs/279	/mnt/sda/bluesfl-tmp/cosim_run_2026-06-24-22-25-05_536898/work/279
259	/home/dinghy/versys/ibex-cpufuzz/bluesfl/ibex/dataset/dataset1/dataset_20/0/ibex_ex_block.sv.diff	SIM_FAIL	1	/mnt/sda/bluesfl-tmp/cosim_run_2026-06-24-22-25-05_536898/logs/259	/mnt/sda/bluesfl-tmp/cosim_run_2026-06-24-22-25-05_536898/work/259
280	/home/dinghy/versys/ibex-cpufuzz/bluesfl/ibex/dataset/dataset1/dataset_21/13/ibex_multdiv_fast.sv.diff	BUILD_FAIL	1	/mnt/sda/bluesfl-tmp/cosim_run_2026-06-24-22-25-05_536898/logs/280	/mnt/sda/bluesfl-tmp/cosim_run_2026-06-24-22-25-05_536898/work/280
254	/home/dinghy/versys/ibex-cpufuzz/bluesfl/ibex/dataset/dataset1/dataset_19/5/ibex_alu.sv.diff	OK	0	/mnt/sda/bluesfl-tmp/cosim_run_2026-06-24-22-25-05_536898/logs/254	/mnt/sda/bluesfl-tmp/cosim_run_2026-06-24-22-25-05_536898/work/254
256	/home/dinghy/versys/ibex-cpufuzz/bluesfl/ibex/dataset/dataset1/dataset_19/7/ibex_core.sv.diff	OK	0	/mnt/sda/bluesfl-tmp/cosim_run_2026-06-24-22-25-05_536898/logs/256	/mnt/sda/bluesfl-tmp/cosim_run_2026-06-24-22-25-05_536898/work/256
284	/home/dinghy/versys/ibex-cpufuzz/bluesfl/ibex/dataset/dataset1/dataset_21/2/ibex_multdiv_fast.sv.diff	BUILD_FAIL	1	/mnt/sda/bluesfl-tmp/cosim_run_2026-06-24-22-25-05_536898/logs/284	/mnt/sda/bluesfl-tmp/cosim_run_2026-06-24-22-25-05_536898/work/284
258	/home/dinghy/versys/ibex-cpufuzz/bluesfl/ibex/dataset/dataset1/dataset_19/9/ibex_controller.sv.diff	OK	0	/mnt/sda/bluesfl-tmp/cosim_run_2026-06-24-22-25-05_536898/logs/258	/mnt/sda/bluesfl-tmp/cosim_run_2026-06-24-22-25-05_536898/work/258
267	/home/dinghy/versys/ibex-cpufuzz/bluesfl/ibex/dataset/dataset1/dataset_20/3/ibex_load_store_unit.sv.diff	SIM_FAIL	1	/mnt/sda/bluesfl-tmp/cosim_run_2026-06-24-22-25-05_536898/logs/267	/mnt/sda/bluesfl-tmp/cosim_run_2026-06-24-22-25-05_536898/work/267
287	/home/dinghy/versys/ibex-cpufuzz/bluesfl/ibex/dataset/dataset1/dataset_21/7/ibex_id_stage.sv.diff	BUILD_FAIL	1	/mnt/sda/bluesfl-tmp/cosim_run_2026-06-24-22-25-05_536898/logs/287	/mnt/sda/bluesfl-tmp/cosim_run_2026-06-24-22-25-05_536898/work/287
262	/home/dinghy/versys/ibex-cpufuzz/bluesfl/ibex/dataset/dataset1/dataset_20/12/ibex_fetch_fifo.sv.diff	OK	0	/mnt/sda/bluesfl-tmp/cosim_run_2026-06-24-22-25-05_536898/logs/262	/mnt/sda/bluesfl-tmp/cosim_run_2026-06-24-22-25-05_536898/work/262
263	/home/dinghy/versys/ibex-cpufuzz/bluesfl/ibex/dataset/dataset1/dataset_20/13/ibex_id_stage.sv.diff	OK	0	/mnt/sda/bluesfl-tmp/cosim_run_2026-06-24-22-25-05_536898/logs/263	/mnt/sda/bluesfl-tmp/cosim_run_2026-06-24-22-25-05_536898/work/263
270	/home/dinghy/versys/ibex-cpufuzz/bluesfl/ibex/dataset/dataset1/dataset_20/6/ibex_prefetch_buffer.sv.diff	SIM_FAIL	1	/mnt/sda/bluesfl-tmp/cosim_run_2026-06-24-22-25-05_536898/logs/270	/mnt/sda/bluesfl-tmp/cosim_run_2026-06-24-22-25-05_536898/work/270
269	/home/dinghy/versys/ibex-cpufuzz/bluesfl/ibex/dataset/dataset1/dataset_20/5/ibex_decoder.sv.diff	SIM_FAIL	1	/mnt/sda/bluesfl-tmp/cosim_run_2026-06-24-22-25-05_536898/logs/269	/mnt/sda/bluesfl-tmp/cosim_run_2026-06-24-22-25-05_536898/work/269
264	/home/dinghy/versys/ibex-cpufuzz/bluesfl/ibex/dataset/dataset1/dataset_20/14/ibex_prefetch_buffer.sv.diff	OK	0	/mnt/sda/bluesfl-tmp/cosim_run_2026-06-24-22-25-05_536898/logs/264	/mnt/sda/bluesfl-tmp/cosim_run_2026-06-24-22-25-05_536898/work/264
266	/home/dinghy/versys/ibex-cpufuzz/bluesfl/ibex/dataset/dataset1/dataset_20/2/ibex_fetch_fifo.sv.diff	SIM_FAIL	1	/mnt/sda/bluesfl-tmp/cosim_run_2026-06-24-22-25-05_536898/logs/266	/mnt/sda/bluesfl-tmp/cosim_run_2026-06-24-22-25-05_536898/work/266
277	/home/dinghy/versys/ibex-cpufuzz/bluesfl/ibex/dataset/dataset1/dataset_21/10/ibex_if_stage.sv.diff	SIM_FAIL	1	/mnt/sda/bluesfl-tmp/cosim_run_2026-06-24-22-25-05_536898/logs/277	/mnt/sda/bluesfl-tmp/cosim_run_2026-06-24-22-25-05_536898/work/277
268	/home/dinghy/versys/ibex-cpufuzz/bluesfl/ibex/dataset/dataset1/dataset_20/4/ibex_id_stage.sv.diff	OK	0	/mnt/sda/bluesfl-tmp/cosim_run_2026-06-24-22-25-05_536898/logs/268	/mnt/sda/bluesfl-tmp/cosim_run_2026-06-24-22-25-05_536898/work/268
273	/home/dinghy/versys/ibex-cpufuzz/bluesfl/ibex/dataset/dataset1/dataset_20/9/ibex_decoder.sv.diff	OK	0	/mnt/sda/bluesfl-tmp/cosim_run_2026-06-24-22-25-05_536898/logs/273	/mnt/sda/bluesfl-tmp/cosim_run_2026-06-24-22-25-05_536898/work/273
278	/home/dinghy/versys/ibex-cpufuzz/bluesfl/ibex/dataset/dataset1/dataset_21/11/ibex_controller.sv.diff	SIM_FAIL	1	/mnt/sda/bluesfl-tmp/cosim_run_2026-06-24-22-25-05_536898/logs/278	/mnt/sda/bluesfl-tmp/cosim_run_2026-06-24-22-25-05_536898/work/278
297	/home/dinghy/versys/ibex-cpufuzz/bluesfl/ibex/dataset/dataset1/dataset_22/3/ibex_compressed_decoder.sv.diff	BUILD_FAIL	1	/mnt/sda/bluesfl-tmp/cosim_run_2026-06-24-22-25-05_536898/logs/297	/mnt/sda/bluesfl-tmp/cosim_run_2026-06-24-22-25-05_536898/work/297
276	/home/dinghy/versys/ibex-cpufuzz/bluesfl/ibex/dataset/dataset1/dataset_2/10/ibex_compressed_decoder.sv.diff	OK	0	/mnt/sda/bluesfl-tmp/cosim_run_2026-06-24-22-25-05_536898/logs/276	/mnt/sda/bluesfl-tmp/cosim_run_2026-06-24-22-25-05_536898/work/276
281	/home/dinghy/versys/ibex-cpufuzz/bluesfl/ibex/dataset/dataset1/dataset_2/11/ibex_if_stage.sv.diff	SIM_FAIL	1	/mnt/sda/bluesfl-tmp/cosim_run_2026-06-24-22-25-05_536898/logs/281	/mnt/sda/bluesfl-tmp/cosim_run_2026-06-24-22-25-05_536898/work/281
282	/home/dinghy/versys/ibex-cpufuzz/bluesfl/ibex/dataset/dataset1/dataset_21/1/ibex_prefetch_buffer.sv.diff	SIM_FAIL	1	/mnt/sda/bluesfl-tmp/cosim_run_2026-06-24-22-25-05_536898/logs/282	/mnt/sda/bluesfl-tmp/cosim_run_2026-06-24-22-25-05_536898/work/282
302	/home/dinghy/versys/ibex-cpufuzz/bluesfl/ibex/dataset/dataset1/dataset_22/9/ibex_id_stage.sv.diff	BUILD_FAIL	1	/mnt/sda/bluesfl-tmp/cosim_run_2026-06-24-22-25-05_536898/logs/302	/mnt/sda/bluesfl-tmp/cosim_run_2026-06-24-22-25-05_536898/work/302
283	/home/dinghy/versys/ibex-cpufuzz/bluesfl/ibex/dataset/dataset1/dataset_2/12/ibex_alu.sv.diff	SIM_FAIL	1	/mnt/sda/bluesfl-tmp/cosim_run_2026-06-24-22-25-05_536898/logs/283	/mnt/sda/bluesfl-tmp/cosim_run_2026-06-24-22-25-05_536898/work/283
285	/home/dinghy/versys/ibex-cpufuzz/bluesfl/ibex/dataset/dataset1/dataset_21/3/ibex_id_stage.sv.diff	SIM_FAIL	1	/mnt/sda/bluesfl-tmp/cosim_run_2026-06-24-22-25-05_536898/logs/285	/mnt/sda/bluesfl-tmp/cosim_run_2026-06-24-22-25-05_536898/work/285
292	/home/dinghy/versys/ibex-cpufuzz/bluesfl/ibex/dataset/dataset1/dataset_22/11/ibex_core.sv.diff	SIM_FAIL	1	/mnt/sda/bluesfl-tmp/cosim_run_2026-06-24-22-25-05_536898/logs/292	/mnt/sda/bluesfl-tmp/cosim_run_2026-06-24-22-25-05_536898/work/292
291	/home/dinghy/versys/ibex-cpufuzz/bluesfl/ibex/dataset/dataset1/dataset_22/10/ibex_ex_block.sv.diff	SIM_FAIL	1	/mnt/sda/bluesfl-tmp/cosim_run_2026-06-24-22-25-05_536898/logs/291	/mnt/sda/bluesfl-tmp/cosim_run_2026-06-24-22-25-05_536898/work/291
294	/home/dinghy/versys/ibex-cpufuzz/bluesfl/ibex/dataset/dataset1/dataset_22/14/ibex_fetch_fifo.sv.diff	SIM_FAIL	134	/mnt/sda/bluesfl-tmp/cosim_run_2026-06-24-22-25-05_536898/logs/294	/mnt/sda/bluesfl-tmp/cosim_run_2026-06-24-22-25-05_536898/work/294
308	/home/dinghy/versys/ibex-cpufuzz/bluesfl/ibex/dataset/dataset1/dataset_23/13/ibex_load_store_unit.sv.diff	BUILD_FAIL	1	/mnt/sda/bluesfl-tmp/cosim_run_2026-06-24-22-25-05_536898/logs/308	/mnt/sda/bluesfl-tmp/cosim_run_2026-06-24-22-25-05_536898/work/308
295	/home/dinghy/versys/ibex-cpufuzz/bluesfl/ibex/dataset/dataset1/dataset_22/1/ibex_decoder.sv.diff	SIM_FAIL	1	/mnt/sda/bluesfl-tmp/cosim_run_2026-06-24-22-25-05_536898/logs/295	/mnt/sda/bluesfl-tmp/cosim_run_2026-06-24-22-25-05_536898/work/295
288	/home/dinghy/versys/ibex-cpufuzz/bluesfl/ibex/dataset/dataset1/dataset_21/8/ibex_wb_stage.sv.diff	OK	0	/mnt/sda/bluesfl-tmp/cosim_run_2026-06-24-22-25-05_536898/logs/288	/mnt/sda/bluesfl-tmp/cosim_run_2026-06-24-22-25-05_536898/work/288
286	/home/dinghy/versys/ibex-cpufuzz/bluesfl/ibex/dataset/dataset1/dataset_21/4/ibex_core.sv.diff	OK	0	/mnt/sda/bluesfl-tmp/cosim_run_2026-06-24-22-25-05_536898/logs/286	/mnt/sda/bluesfl-tmp/cosim_run_2026-06-24-22-25-05_536898/work/286
289	/home/dinghy/versys/ibex-cpufuzz/bluesfl/ibex/dataset/dataset1/dataset_2/1/ibex_wb_stage.sv.diff	OK	0	/mnt/sda/bluesfl-tmp/cosim_run_2026-06-24-22-25-05_536898/logs/289	/mnt/sda/bluesfl-tmp/cosim_run_2026-06-24-22-25-05_536898/work/289
298	/home/dinghy/versys/ibex-cpufuzz/bluesfl/ibex/dataset/dataset1/dataset_22/4/ibex_controller.sv.diff	SIM_FAIL	1	/mnt/sda/bluesfl-tmp/cosim_run_2026-06-24-22-25-05_536898/logs/298	/mnt/sda/bluesfl-tmp/cosim_run_2026-06-24-22-25-05_536898/work/298
313	/home/dinghy/versys/ibex-cpufuzz/bluesfl/ibex/dataset/dataset1/dataset_23/5/ibex_core.sv.diff	BUILD_FAIL	1	/mnt/sda/bluesfl-tmp/cosim_run_2026-06-24-22-25-05_536898/logs/313	/mnt/sda/bluesfl-tmp/cosim_run_2026-06-24-22-25-05_536898/work/313
299	/home/dinghy/versys/ibex-cpufuzz/bluesfl/ibex/dataset/dataset1/dataset_22/6/ibex_prefetch_buffer.sv.diff	SIM_FAIL	1	/mnt/sda/bluesfl-tmp/cosim_run_2026-06-24-22-25-05_536898/logs/299	/mnt/sda/bluesfl-tmp/cosim_run_2026-06-24-22-25-05_536898/work/299
290	/home/dinghy/versys/ibex-cpufuzz/bluesfl/ibex/dataset/dataset1/dataset_22/0/ibex_fetch_fifo.sv.diff	OK	0	/mnt/sda/bluesfl-tmp/cosim_run_2026-06-24-22-25-05_536898/logs/290	/mnt/sda/bluesfl-tmp/cosim_run_2026-06-24-22-25-05_536898/work/290
314	/home/dinghy/versys/ibex-cpufuzz/bluesfl/ibex/dataset/dataset1/dataset_23/8/ibex_multdiv_fast.sv.diff	BUILD_FAIL	1	/mnt/sda/bluesfl-tmp/cosim_run_2026-06-24-22-25-05_536898/logs/314	/mnt/sda/bluesfl-tmp/cosim_run_2026-06-24-22-25-05_536898/work/314
293	/home/dinghy/versys/ibex-cpufuzz/bluesfl/ibex/dataset/dataset1/dataset_22/12/ibex_core.sv.diff	OK	0	/mnt/sda/bluesfl-tmp/cosim_run_2026-06-24-22-25-05_536898/logs/293	/mnt/sda/bluesfl-tmp/cosim_run_2026-06-24-22-25-05_536898/work/293
301	/home/dinghy/versys/ibex-cpufuzz/bluesfl/ibex/dataset/dataset1/dataset_22/8/ibex_alu.sv.diff	SIM_FAIL	1	/mnt/sda/bluesfl-tmp/cosim_run_2026-06-24-22-25-05_536898/logs/301	/mnt/sda/bluesfl-tmp/cosim_run_2026-06-24-22-25-05_536898/work/301
296	/home/dinghy/versys/ibex-cpufuzz/bluesfl/ibex/dataset/dataset1/dataset_22/2/ibex_decoder.sv.diff	OK	0	/mnt/sda/bluesfl-tmp/cosim_run_2026-06-24-22-25-05_536898/logs/296	/mnt/sda/bluesfl-tmp/cosim_run_2026-06-24-22-25-05_536898/work/296
304	/home/dinghy/versys/ibex-cpufuzz/bluesfl/ibex/dataset/dataset1/dataset_23/0/ibex_fetch_fifo.sv.diff	SIM_FAIL	1	/mnt/sda/bluesfl-tmp/cosim_run_2026-06-24-22-25-05_536898/logs/304	/mnt/sda/bluesfl-tmp/cosim_run_2026-06-24-22-25-05_536898/work/304
321	/home/dinghy/versys/ibex-cpufuzz/bluesfl/ibex/dataset/dataset1/dataset_24/13/ibex_compressed_decoder.sv.diff	BUILD_FAIL	1	/mnt/sda/bluesfl-tmp/cosim_run_2026-06-24-22-25-05_536898/logs/321	/mnt/sda/bluesfl-tmp/cosim_run_2026-06-24-22-25-05_536898/work/321
323	/home/dinghy/versys/ibex-cpufuzz/bluesfl/ibex/dataset/dataset1/dataset_24/1/ibex_controller.sv.diff	BUILD_FAIL	1	/mnt/sda/bluesfl-tmp/cosim_run_2026-06-24-22-25-05_536898/logs/323	/mnt/sda/bluesfl-tmp/cosim_run_2026-06-24-22-25-05_536898/work/323
305	/home/dinghy/versys/ibex-cpufuzz/bluesfl/ibex/dataset/dataset1/dataset_23/10/ibex_fetch_fifo.sv.diff	SIM_FAIL	1	/mnt/sda/bluesfl-tmp/cosim_run_2026-06-24-22-25-05_536898/logs/305	/mnt/sda/bluesfl-tmp/cosim_run_2026-06-24-22-25-05_536898/work/305
193	/home/dinghy/versys/ibex-cpufuzz/bluesfl/ibex/dataset/dataset1/dataset_15/1/ibex_prefetch_buffer.sv.diff	TIMEOUT	143	/mnt/sda/bluesfl-tmp/cosim_run_2026-06-24-22-25-05_536898/logs/193	/mnt/sda/bluesfl-tmp/cosim_run_2026-06-24-22-25-05_536898/work/193
300	/home/dinghy/versys/ibex-cpufuzz/bluesfl/ibex/dataset/dataset1/dataset_22/7/ibex_compressed_decoder.sv.diff	SIM_FAIL	1	/mnt/sda/bluesfl-tmp/cosim_run_2026-06-24-22-25-05_536898/logs/300	/mnt/sda/bluesfl-tmp/cosim_run_2026-06-24-22-25-05_536898/work/300
327	/home/dinghy/versys/ibex-cpufuzz/bluesfl/ibex/dataset/dataset1/dataset_24/5/ibex_prefetch_buffer.sv.diff	BUILD_FAIL	1	/mnt/sda/bluesfl-tmp/cosim_run_2026-06-24-22-25-05_536898/logs/327	/mnt/sda/bluesfl-tmp/cosim_run_2026-06-24-22-25-05_536898/work/327
303	/home/dinghy/versys/ibex-cpufuzz/bluesfl/ibex/dataset/dataset1/dataset_2/2/ibex_controller.sv.diff	OK	0	/mnt/sda/bluesfl-tmp/cosim_run_2026-06-24-22-25-05_536898/logs/303	/mnt/sda/bluesfl-tmp/cosim_run_2026-06-24-22-25-05_536898/work/303
306	/home/dinghy/versys/ibex-cpufuzz/bluesfl/ibex/dataset/dataset1/dataset_23/11/ibex_alu.sv.diff	SIM_FAIL	1	/mnt/sda/bluesfl-tmp/cosim_run_2026-06-24-22-25-05_536898/logs/306	/mnt/sda/bluesfl-tmp/cosim_run_2026-06-24-22-25-05_536898/work/306
310	/home/dinghy/versys/ibex-cpufuzz/bluesfl/ibex/dataset/dataset1/dataset_23/1/ibex_prefetch_buffer.sv.diff	SIM_FAIL	1	/mnt/sda/bluesfl-tmp/cosim_run_2026-06-24-22-25-05_536898/logs/310	/mnt/sda/bluesfl-tmp/cosim_run_2026-06-24-22-25-05_536898/work/310
311	/home/dinghy/versys/ibex-cpufuzz/bluesfl/ibex/dataset/dataset1/dataset_23/2/ibex_wb_stage.sv.diff	SIM_FAIL	1	/mnt/sda/bluesfl-tmp/cosim_run_2026-06-24-22-25-05_536898/logs/311	/mnt/sda/bluesfl-tmp/cosim_run_2026-06-24-22-25-05_536898/work/311
317	/home/dinghy/versys/ibex-cpufuzz/bluesfl/ibex/dataset/dataset1/dataset_24/0/ibex_alu.sv.diff	SIM_FAIL	1	/mnt/sda/bluesfl-tmp/cosim_run_2026-06-24-22-25-05_536898/logs/317	/mnt/sda/bluesfl-tmp/cosim_run_2026-06-24-22-25-05_536898/work/317
307	/home/dinghy/versys/ibex-cpufuzz/bluesfl/ibex/dataset/dataset1/dataset_23/12/ibex_id_stage.sv.diff	OK	0	/mnt/sda/bluesfl-tmp/cosim_run_2026-06-24-22-25-05_536898/logs/307	/mnt/sda/bluesfl-tmp/cosim_run_2026-06-24-22-25-05_536898/work/307
309	/home/dinghy/versys/ibex-cpufuzz/bluesfl/ibex/dataset/dataset1/dataset_23/14/ibex_core.sv.diff	OK	0	/mnt/sda/bluesfl-tmp/cosim_run_2026-06-24-22-25-05_536898/logs/309	/mnt/sda/bluesfl-tmp/cosim_run_2026-06-24-22-25-05_536898/work/309
319	/home/dinghy/versys/ibex-cpufuzz/bluesfl/ibex/dataset/dataset1/dataset_24/11/ibex_if_stage.sv.diff	SIM_FAIL	1	/mnt/sda/bluesfl-tmp/cosim_run_2026-06-24-22-25-05_536898/logs/319	/mnt/sda/bluesfl-tmp/cosim_run_2026-06-24-22-25-05_536898/work/319
320	/home/dinghy/versys/ibex-cpufuzz/bluesfl/ibex/dataset/dataset1/dataset_24/12/ibex_alu.sv.diff	SIM_FAIL	1	/mnt/sda/bluesfl-tmp/cosim_run_2026-06-24-22-25-05_536898/logs/320	/mnt/sda/bluesfl-tmp/cosim_run_2026-06-24-22-25-05_536898/work/320
337	/home/dinghy/versys/ibex-cpufuzz/bluesfl/ibex/dataset/dataset1/dataset_25/14/ibex_wb_stage.sv.diff	BUILD_FAIL	1	/mnt/sda/bluesfl-tmp/cosim_run_2026-06-24-22-25-05_536898/logs/337	/mnt/sda/bluesfl-tmp/cosim_run_2026-06-24-22-25-05_536898/work/337
312	/home/dinghy/versys/ibex-cpufuzz/bluesfl/ibex/dataset/dataset1/dataset_23/4/ibex_core.sv.diff	OK	0	/mnt/sda/bluesfl-tmp/cosim_run_2026-06-24-22-25-05_536898/logs/312	/mnt/sda/bluesfl-tmp/cosim_run_2026-06-24-22-25-05_536898/work/312
322	/home/dinghy/versys/ibex-cpufuzz/bluesfl/ibex/dataset/dataset1/dataset_24/14/ibex_alu.sv.diff	SIM_FAIL	1	/mnt/sda/bluesfl-tmp/cosim_run_2026-06-24-22-25-05_536898/logs/322	/mnt/sda/bluesfl-tmp/cosim_run_2026-06-24-22-25-05_536898/work/322
340	/home/dinghy/versys/ibex-cpufuzz/bluesfl/ibex/dataset/dataset1/dataset_25/3/ibex_fetch_fifo.sv.diff	BUILD_FAIL	1	/mnt/sda/bluesfl-tmp/cosim_run_2026-06-24-22-25-05_536898/logs/340	/mnt/sda/bluesfl-tmp/cosim_run_2026-06-24-22-25-05_536898/work/340
324	/home/dinghy/versys/ibex-cpufuzz/bluesfl/ibex/dataset/dataset1/dataset_24/2/ibex_multdiv_fast.sv.diff	SIM_FAIL	1	/mnt/sda/bluesfl-tmp/cosim_run_2026-06-24-22-25-05_536898/logs/324	/mnt/sda/bluesfl-tmp/cosim_run_2026-06-24-22-25-05_536898/work/324
325	/home/dinghy/versys/ibex-cpufuzz/bluesfl/ibex/dataset/dataset1/dataset_24/3/ibex_core.sv.diff	SIM_FAIL	1	/mnt/sda/bluesfl-tmp/cosim_run_2026-06-24-22-25-05_536898/logs/325	/mnt/sda/bluesfl-tmp/cosim_run_2026-06-24-22-25-05_536898/work/325
343	/home/dinghy/versys/ibex-cpufuzz/bluesfl/ibex/dataset/dataset1/dataset_25/6/ibex_wb_stage.sv.diff	BUILD_FAIL	1	/mnt/sda/bluesfl-tmp/cosim_run_2026-06-24-22-25-05_536898/logs/343	/mnt/sda/bluesfl-tmp/cosim_run_2026-06-24-22-25-05_536898/work/343
315	/home/dinghy/versys/ibex-cpufuzz/bluesfl/ibex/dataset/dataset1/dataset_23/9/ibex_core.sv.diff	OK	0	/mnt/sda/bluesfl-tmp/cosim_run_2026-06-24-22-25-05_536898/logs/315	/mnt/sda/bluesfl-tmp/cosim_run_2026-06-24-22-25-05_536898/work/315
326	/home/dinghy/versys/ibex-cpufuzz/bluesfl/ibex/dataset/dataset1/dataset_24/4/ibex_core.sv.diff	SIM_FAIL	1	/mnt/sda/bluesfl-tmp/cosim_run_2026-06-24-22-25-05_536898/logs/326	/mnt/sda/bluesfl-tmp/cosim_run_2026-06-24-22-25-05_536898/work/326
318	/home/dinghy/versys/ibex-cpufuzz/bluesfl/ibex/dataset/dataset1/dataset_24/10/ibex_controller.sv.diff	OK	0	/mnt/sda/bluesfl-tmp/cosim_run_2026-06-24-22-25-05_536898/logs/318	/mnt/sda/bluesfl-tmp/cosim_run_2026-06-24-22-25-05_536898/work/318
316	/home/dinghy/versys/ibex-cpufuzz/bluesfl/ibex/dataset/dataset1/dataset_2/3/ibex_id_stage.sv.diff	OK	0	/mnt/sda/bluesfl-tmp/cosim_run_2026-06-24-22-25-05_536898/logs/316	/mnt/sda/bluesfl-tmp/cosim_run_2026-06-24-22-25-05_536898/work/316
347	/home/dinghy/versys/ibex-cpufuzz/bluesfl/ibex/dataset/dataset1/dataset_2/5/ibex_if_stage.sv.diff	BUILD_FAIL	1	/mnt/sda/bluesfl-tmp/cosim_run_2026-06-24-22-25-05_536898/logs/347	/mnt/sda/bluesfl-tmp/cosim_run_2026-06-24-22-25-05_536898/work/347
329	/home/dinghy/versys/ibex-cpufuzz/bluesfl/ibex/dataset/dataset1/dataset_24/7/ibex_wb_stage.sv.diff	SIM_FAIL	1	/mnt/sda/bluesfl-tmp/cosim_run_2026-06-24-22-25-05_536898/logs/329	/mnt/sda/bluesfl-tmp/cosim_run_2026-06-24-22-25-05_536898/work/329
330	/home/dinghy/versys/ibex-cpufuzz/bluesfl/ibex/dataset/dataset1/dataset_24/9/ibex_decoder.sv.diff	SIM_FAIL	1	/mnt/sda/bluesfl-tmp/cosim_run_2026-06-24-22-25-05_536898/logs/330	/mnt/sda/bluesfl-tmp/cosim_run_2026-06-24-22-25-05_536898/work/330
328	/home/dinghy/versys/ibex-cpufuzz/bluesfl/ibex/dataset/dataset1/dataset_24/6/ibex_controller.sv.diff	OK	0	/mnt/sda/bluesfl-tmp/cosim_run_2026-06-24-22-25-05_536898/logs/328	/mnt/sda/bluesfl-tmp/cosim_run_2026-06-24-22-25-05_536898/work/328
331	/home/dinghy/versys/ibex-cpufuzz/bluesfl/ibex/dataset/dataset1/dataset_2/4/ibex_id_stage.sv.diff	SIM_FAIL	1	/mnt/sda/bluesfl-tmp/cosim_run_2026-06-24-22-25-05_536898/logs/331	/mnt/sda/bluesfl-tmp/cosim_run_2026-06-24-22-25-05_536898/work/331
334	/home/dinghy/versys/ibex-cpufuzz/bluesfl/ibex/dataset/dataset1/dataset_25/11/ibex_fetch_fifo.sv.diff	SIM_FAIL	1	/mnt/sda/bluesfl-tmp/cosim_run_2026-06-24-22-25-05_536898/logs/334	/mnt/sda/bluesfl-tmp/cosim_run_2026-06-24-22-25-05_536898/work/334
221	/home/dinghy/versys/ibex-cpufuzz/bluesfl/ibex/dataset/dataset1/dataset_17/14/ibex_prefetch_buffer.sv.diff	TIMEOUT	143	/mnt/sda/bluesfl-tmp/cosim_run_2026-06-24-22-25-05_536898/logs/221	/mnt/sda/bluesfl-tmp/cosim_run_2026-06-24-22-25-05_536898/work/221
338	/home/dinghy/versys/ibex-cpufuzz/bluesfl/ibex/dataset/dataset1/dataset_25/1/ibex_controller.sv.diff	SIM_FAIL	1	/mnt/sda/bluesfl-tmp/cosim_run_2026-06-24-22-25-05_536898/logs/338	/mnt/sda/bluesfl-tmp/cosim_run_2026-06-24-22-25-05_536898/work/338
332	/home/dinghy/versys/ibex-cpufuzz/bluesfl/ibex/dataset/dataset1/dataset_25/0/ibex_decoder.sv.diff	OK	0	/mnt/sda/bluesfl-tmp/cosim_run_2026-06-24-22-25-05_536898/logs/332	/mnt/sda/bluesfl-tmp/cosim_run_2026-06-24-22-25-05_536898/work/332
344	/home/dinghy/versys/ibex-cpufuzz/bluesfl/ibex/dataset/dataset1/dataset_25/7/ibex_prefetch_buffer.sv.diff	SIM_FAIL	1	/mnt/sda/bluesfl-tmp/cosim_run_2026-06-24-22-25-05_536898/logs/344	/mnt/sda/bluesfl-tmp/cosim_run_2026-06-24-22-25-05_536898/work/344
357	/home/dinghy/versys/ibex-cpufuzz/bluesfl/ibex/dataset/dataset1/dataset_26/9/ibex_ex_block.sv.diff	BUILD_FAIL	1	/mnt/sda/bluesfl-tmp/cosim_run_2026-06-24-22-25-05_536898/logs/357	/mnt/sda/bluesfl-tmp/cosim_run_2026-06-24-22-25-05_536898/work/357
359	/home/dinghy/versys/ibex-cpufuzz/bluesfl/ibex/dataset/dataset1/dataset_2/7/ibex_fetch_fifo.sv.diff	BUILD_FAIL	1	/mnt/sda/bluesfl-tmp/cosim_run_2026-06-24-22-25-05_536898/logs/359	/mnt/sda/bluesfl-tmp/cosim_run_2026-06-24-22-25-05_536898/work/359
341	/home/dinghy/versys/ibex-cpufuzz/bluesfl/ibex/dataset/dataset1/dataset_25/4/ibex_fetch_fifo.sv.diff	SIM_FAIL	1	/mnt/sda/bluesfl-tmp/cosim_run_2026-06-24-22-25-05_536898/logs/341	/mnt/sda/bluesfl-tmp/cosim_run_2026-06-24-22-25-05_536898/work/341
346	/home/dinghy/versys/ibex-cpufuzz/bluesfl/ibex/dataset/dataset1/dataset_25/9/ibex_fetch_fifo.sv.diff	SIM_FAIL	1	/mnt/sda/bluesfl-tmp/cosim_run_2026-06-24-22-25-05_536898/logs/346	/mnt/sda/bluesfl-tmp/cosim_run_2026-06-24-22-25-05_536898/work/346
348	/home/dinghy/versys/ibex-cpufuzz/bluesfl/ibex/dataset/dataset1/dataset_26/0/ibex_if_stage.sv.diff	SIM_FAIL	1	/mnt/sda/bluesfl-tmp/cosim_run_2026-06-24-22-25-05_536898/logs/348	/mnt/sda/bluesfl-tmp/cosim_run_2026-06-24-22-25-05_536898/work/348
333	/home/dinghy/versys/ibex-cpufuzz/bluesfl/ibex/dataset/dataset1/dataset_25/10/ibex_compressed_decoder.sv.diff	OK	0	/mnt/sda/bluesfl-tmp/cosim_run_2026-06-24-22-25-05_536898/logs/333	/mnt/sda/bluesfl-tmp/cosim_run_2026-06-24-22-25-05_536898/work/333
335	/home/dinghy/versys/ibex-cpufuzz/bluesfl/ibex/dataset/dataset1/dataset_25/12/ibex_decoder.sv.diff	OK	0	/mnt/sda/bluesfl-tmp/cosim_run_2026-06-24-22-25-05_536898/logs/335	/mnt/sda/bluesfl-tmp/cosim_run_2026-06-24-22-25-05_536898/work/335
363	/home/dinghy/versys/ibex-cpufuzz/bluesfl/ibex/dataset/dataset1/dataset_3/11/ibex_cs_registers.sv.diff	BUILD_FAIL	1	/mnt/sda/bluesfl-tmp/cosim_run_2026-06-24-22-25-05_536898/logs/363	/mnt/sda/bluesfl-tmp/cosim_run_2026-06-24-22-25-05_536898/work/363
336	/home/dinghy/versys/ibex-cpufuzz/bluesfl/ibex/dataset/dataset1/dataset_25/13/ibex_multdiv_fast.sv.diff	OK	0	/mnt/sda/bluesfl-tmp/cosim_run_2026-06-24-22-25-05_536898/logs/336	/mnt/sda/bluesfl-tmp/cosim_run_2026-06-24-22-25-05_536898/work/336
351	/home/dinghy/versys/ibex-cpufuzz/bluesfl/ibex/dataset/dataset1/dataset_26/12/ibex_if_stage.sv.diff	SIM_FAIL	1	/mnt/sda/bluesfl-tmp/cosim_run_2026-06-24-22-25-05_536898/logs/351	/mnt/sda/bluesfl-tmp/cosim_run_2026-06-24-22-25-05_536898/work/351
339	/home/dinghy/versys/ibex-cpufuzz/bluesfl/ibex/dataset/dataset1/dataset_25/2/ibex_alu.sv.diff	OK	0	/mnt/sda/bluesfl-tmp/cosim_run_2026-06-24-22-25-05_536898/logs/339	/mnt/sda/bluesfl-tmp/cosim_run_2026-06-24-22-25-05_536898/work/339
342	/home/dinghy/versys/ibex-cpufuzz/bluesfl/ibex/dataset/dataset1/dataset_25/5/ibex_decoder.sv.diff	OK	0	/mnt/sda/bluesfl-tmp/cosim_run_2026-06-24-22-25-05_536898/logs/342	/mnt/sda/bluesfl-tmp/cosim_run_2026-06-24-22-25-05_536898/work/342
345	/home/dinghy/versys/ibex-cpufuzz/bluesfl/ibex/dataset/dataset1/dataset_25/8/ibex_alu.sv.diff	OK	0	/mnt/sda/bluesfl-tmp/cosim_run_2026-06-24-22-25-05_536898/logs/345	/mnt/sda/bluesfl-tmp/cosim_run_2026-06-24-22-25-05_536898/work/345
370	/home/dinghy/versys/ibex-cpufuzz/bluesfl/ibex/dataset/dataset1/dataset_3/7/ibex_counter.sv.diff	BUILD_FAIL	1	/mnt/sda/bluesfl-tmp/cosim_run_2026-06-24-22-25-05_536898/logs/370	/mnt/sda/bluesfl-tmp/cosim_run_2026-06-24-22-25-05_536898/work/370
349	/home/dinghy/versys/ibex-cpufuzz/bluesfl/ibex/dataset/dataset1/dataset_26/10/ibex_csr.sv.diff	OK	0	/mnt/sda/bluesfl-tmp/cosim_run_2026-06-24-22-25-05_536898/logs/349	/mnt/sda/bluesfl-tmp/cosim_run_2026-06-24-22-25-05_536898/work/349
371	/home/dinghy/versys/ibex-cpufuzz/bluesfl/ibex/dataset/dataset1/dataset_3/8/ibex_alu.sv.diff	BUILD_FAIL	1	/mnt/sda/bluesfl-tmp/cosim_run_2026-06-24-22-25-05_536898/logs/371	/mnt/sda/bluesfl-tmp/cosim_run_2026-06-24-22-25-05_536898/work/371
373	/home/dinghy/versys/ibex-cpufuzz/bluesfl/ibex/dataset/dataset1/dataset_4/10/ibex_load_store_unit.sv.diff	BUILD_FAIL	1	/mnt/sda/bluesfl-tmp/cosim_run_2026-06-24-22-25-05_536898/logs/373	/mnt/sda/bluesfl-tmp/cosim_run_2026-06-24-22-25-05_536898/work/373
375	/home/dinghy/versys/ibex-cpufuzz/bluesfl/ibex/dataset/dataset1/dataset_4/1/ibex_prefetch_buffer.sv.diff	BUILD_FAIL	1	/mnt/sda/bluesfl-tmp/cosim_run_2026-06-24-22-25-05_536898/logs/375	/mnt/sda/bluesfl-tmp/cosim_run_2026-06-24-22-25-05_536898/work/375
350	/home/dinghy/versys/ibex-cpufuzz/bluesfl/ibex/dataset/dataset1/dataset_26/11/ibex_controller.sv.diff	OK	0	/mnt/sda/bluesfl-tmp/cosim_run_2026-06-24-22-25-05_536898/logs/350	/mnt/sda/bluesfl-tmp/cosim_run_2026-06-24-22-25-05_536898/work/350
354	/home/dinghy/versys/ibex-cpufuzz/bluesfl/ibex/dataset/dataset1/dataset_26/3/ibex_ex_block.sv.diff	SIM_FAIL	1	/mnt/sda/bluesfl-tmp/cosim_run_2026-06-24-22-25-05_536898/logs/354	/mnt/sda/bluesfl-tmp/cosim_run_2026-06-24-22-25-05_536898/work/354
352	/home/dinghy/versys/ibex-cpufuzz/bluesfl/ibex/dataset/dataset1/dataset_26/14/ibex_prefetch_buffer.sv.diff	OK	0	/mnt/sda/bluesfl-tmp/cosim_run_2026-06-24-22-25-05_536898/logs/352	/mnt/sda/bluesfl-tmp/cosim_run_2026-06-24-22-25-05_536898/work/352
353	/home/dinghy/versys/ibex-cpufuzz/bluesfl/ibex/dataset/dataset1/dataset_26/2/ibex_decoder.sv.diff	OK	0	/mnt/sda/bluesfl-tmp/cosim_run_2026-06-24-22-25-05_536898/logs/353	/mnt/sda/bluesfl-tmp/cosim_run_2026-06-24-22-25-05_536898/work/353
358	/home/dinghy/versys/ibex-cpufuzz/bluesfl/ibex/dataset/dataset1/dataset_2/6/ibex_prefetch_buffer.sv.diff	SIM_FAIL	1	/mnt/sda/bluesfl-tmp/cosim_run_2026-06-24-22-25-05_536898/logs/358	/mnt/sda/bluesfl-tmp/cosim_run_2026-06-24-22-25-05_536898/work/358
380	/home/dinghy/versys/ibex-cpufuzz/bluesfl/ibex/dataset/dataset1/dataset_4/8/ibex_fetch_fifo.sv.diff	BUILD_FAIL	1	/mnt/sda/bluesfl-tmp/cosim_run_2026-06-24-22-25-05_536898/logs/380	/mnt/sda/bluesfl-tmp/cosim_run_2026-06-24-22-25-05_536898/work/380
382	/home/dinghy/versys/ibex-cpufuzz/bluesfl/ibex/dataset/dataset1/dataset_5/0/ibex_id_stage.sv.diff	BUILD_FAIL	1	/mnt/sda/bluesfl-tmp/cosim_run_2026-06-24-22-25-05_536898/logs/382	/mnt/sda/bluesfl-tmp/cosim_run_2026-06-24-22-25-05_536898/work/382
362	/home/dinghy/versys/ibex-cpufuzz/bluesfl/ibex/dataset/dataset1/dataset_3/0/ibex_ex_block.sv.diff	SIM_FAIL	1	/mnt/sda/bluesfl-tmp/cosim_run_2026-06-24-22-25-05_536898/logs/362	/mnt/sda/bluesfl-tmp/cosim_run_2026-06-24-22-25-05_536898/work/362
355	/home/dinghy/versys/ibex-cpufuzz/bluesfl/ibex/dataset/dataset1/dataset_26/4/ibex_decoder.sv.diff	OK	0	/mnt/sda/bluesfl-tmp/cosim_run_2026-06-24-22-25-05_536898/logs/355	/mnt/sda/bluesfl-tmp/cosim_run_2026-06-24-22-25-05_536898/work/355
383	/home/dinghy/versys/ibex-cpufuzz/bluesfl/ibex/dataset/dataset1/dataset_5/10/ibex_if_stage.sv.diff	BUILD_FAIL	1	/mnt/sda/bluesfl-tmp/cosim_run_2026-06-24-22-25-05_536898/logs/383	/mnt/sda/bluesfl-tmp/cosim_run_2026-06-24-22-25-05_536898/work/383
366	/home/dinghy/versys/ibex-cpufuzz/bluesfl/ibex/dataset/dataset1/dataset_3/2/ibex_multdiv_fast.sv.diff	SIM_FAIL	1	/mnt/sda/bluesfl-tmp/cosim_run_2026-06-24-22-25-05_536898/logs/366	/mnt/sda/bluesfl-tmp/cosim_run_2026-06-24-22-25-05_536898/work/366
365	/home/dinghy/versys/ibex-cpufuzz/bluesfl/ibex/dataset/dataset1/dataset_3/1/ibex_if_stage.sv.diff	SIM_FAIL	1	/mnt/sda/bluesfl-tmp/cosim_run_2026-06-24-22-25-05_536898/logs/365	/mnt/sda/bluesfl-tmp/cosim_run_2026-06-24-22-25-05_536898/work/365
388	/home/dinghy/versys/ibex-cpufuzz/bluesfl/ibex/dataset/dataset1/dataset_5/3/ibex_load_store_unit.sv.diff	BUILD_FAIL	1	/mnt/sda/bluesfl-tmp/cosim_run_2026-06-24-22-25-05_536898/logs/388	/mnt/sda/bluesfl-tmp/cosim_run_2026-06-24-22-25-05_536898/work/388
356	/home/dinghy/versys/ibex-cpufuzz/bluesfl/ibex/dataset/dataset1/dataset_26/7/ibex_controller.sv.diff	OK	0	/mnt/sda/bluesfl-tmp/cosim_run_2026-06-24-22-25-05_536898/logs/356	/mnt/sda/bluesfl-tmp/cosim_run_2026-06-24-22-25-05_536898/work/356
360	/home/dinghy/versys/ibex-cpufuzz/bluesfl/ibex/dataset/dataset1/dataset_2/8/ibex_controller.sv.diff	OK	0	/mnt/sda/bluesfl-tmp/cosim_run_2026-06-24-22-25-05_536898/logs/360	/mnt/sda/bluesfl-tmp/cosim_run_2026-06-24-22-25-05_536898/work/360
368	/home/dinghy/versys/ibex-cpufuzz/bluesfl/ibex/dataset/dataset1/dataset_3/5/ibex_id_stage.sv.diff	SIM_FAIL	1	/mnt/sda/bluesfl-tmp/cosim_run_2026-06-24-22-25-05_536898/logs/368	/mnt/sda/bluesfl-tmp/cosim_run_2026-06-24-22-25-05_536898/work/368
369	/home/dinghy/versys/ibex-cpufuzz/bluesfl/ibex/dataset/dataset1/dataset_3/6/ibex_alu.sv.diff	SIM_FAIL	1	/mnt/sda/bluesfl-tmp/cosim_run_2026-06-24-22-25-05_536898/logs/369	/mnt/sda/bluesfl-tmp/cosim_run_2026-06-24-22-25-05_536898/work/369
391	/home/dinghy/versys/ibex-cpufuzz/bluesfl/ibex/dataset/dataset1/dataset_5/6/ibex_prefetch_buffer.sv.diff	BUILD_FAIL	1	/mnt/sda/bluesfl-tmp/cosim_run_2026-06-24-22-25-05_536898/logs/391	/mnt/sda/bluesfl-tmp/cosim_run_2026-06-24-22-25-05_536898/work/391
394	/home/dinghy/versys/ibex-cpufuzz/bluesfl/ibex/dataset/dataset1/dataset_5/9/ibex_if_stage.sv.diff	BUILD_FAIL	1	/mnt/sda/bluesfl-tmp/cosim_run_2026-06-24-22-25-05_536898/logs/394	/mnt/sda/bluesfl-tmp/cosim_run_2026-06-24-22-25-05_536898/work/394
361	/home/dinghy/versys/ibex-cpufuzz/bluesfl/ibex/dataset/dataset1/dataset_2/9/ibex_fetch_fifo.sv.diff	SIM_FAIL	1	/mnt/sda/bluesfl-tmp/cosim_run_2026-06-24-22-25-05_536898/logs/361	/mnt/sda/bluesfl-tmp/cosim_run_2026-06-24-22-25-05_536898/work/361
364	/home/dinghy/versys/ibex-cpufuzz/bluesfl/ibex/dataset/dataset1/dataset_3/13/ibex_ex_block.sv.diff	OK	0	/mnt/sda/bluesfl-tmp/cosim_run_2026-06-24-22-25-05_536898/logs/364	/mnt/sda/bluesfl-tmp/cosim_run_2026-06-24-22-25-05_536898/work/364
372	/home/dinghy/versys/ibex-cpufuzz/bluesfl/ibex/dataset/dataset1/dataset_3/9/ibex_id_stage.sv.diff	SIM_FAIL	1	/mnt/sda/bluesfl-tmp/cosim_run_2026-06-24-22-25-05_536898/logs/372	/mnt/sda/bluesfl-tmp/cosim_run_2026-06-24-22-25-05_536898/work/372
377	/home/dinghy/versys/ibex-cpufuzz/bluesfl/ibex/dataset/dataset1/dataset_4/4/ibex_prefetch_buffer.sv.diff	SIM_FAIL	1	/mnt/sda/bluesfl-tmp/cosim_run_2026-06-24-22-25-05_536898/logs/377	/mnt/sda/bluesfl-tmp/cosim_run_2026-06-24-22-25-05_536898/work/377
367	/home/dinghy/versys/ibex-cpufuzz/bluesfl/ibex/dataset/dataset1/dataset_3/4/ibex_load_store_unit.sv.diff	OK	0	/mnt/sda/bluesfl-tmp/cosim_run_2026-06-24-22-25-05_536898/logs/367	/mnt/sda/bluesfl-tmp/cosim_run_2026-06-24-22-25-05_536898/work/367
378	/home/dinghy/versys/ibex-cpufuzz/bluesfl/ibex/dataset/dataset1/dataset_4/5/ibex_id_stage.sv.diff	SIM_FAIL	1	/mnt/sda/bluesfl-tmp/cosim_run_2026-06-24-22-25-05_536898/logs/378	/mnt/sda/bluesfl-tmp/cosim_run_2026-06-24-22-25-05_536898/work/378
379	/home/dinghy/versys/ibex-cpufuzz/bluesfl/ibex/dataset/dataset1/dataset_4/6/ibex_decoder.sv.diff	SIM_FAIL	1	/mnt/sda/bluesfl-tmp/cosim_run_2026-06-24-22-25-05_536898/logs/379	/mnt/sda/bluesfl-tmp/cosim_run_2026-06-24-22-25-05_536898/work/379
374	/home/dinghy/versys/ibex-cpufuzz/bluesfl/ibex/dataset/dataset1/dataset_4/12/ibex_ex_block.sv.diff	OK	0	/mnt/sda/bluesfl-tmp/cosim_run_2026-06-24-22-25-05_536898/logs/374	/mnt/sda/bluesfl-tmp/cosim_run_2026-06-24-22-25-05_536898/work/374
376	/home/dinghy/versys/ibex-cpufuzz/bluesfl/ibex/dataset/dataset1/dataset_4/3/ibex_alu.sv.diff	OK	0	/mnt/sda/bluesfl-tmp/cosim_run_2026-06-24-22-25-05_536898/logs/376	/mnt/sda/bluesfl-tmp/cosim_run_2026-06-24-22-25-05_536898/work/376
261	/home/dinghy/versys/ibex-cpufuzz/bluesfl/ibex/dataset/dataset1/dataset_20/11/ibex_id_stage.sv.diff	TIMEOUT	143	/mnt/sda/bluesfl-tmp/cosim_run_2026-06-24-22-25-05_536898/logs/261	/mnt/sda/bluesfl-tmp/cosim_run_2026-06-24-22-25-05_536898/work/261
404	/home/dinghy/versys/ibex-cpufuzz/bluesfl/ibex/dataset/dataset1/dataset_6/6/ibex_wb_stage.sv.diff	BUILD_FAIL	1	/mnt/sda/bluesfl-tmp/cosim_run_2026-06-24-22-25-05_536898/logs/404	/mnt/sda/bluesfl-tmp/cosim_run_2026-06-24-22-25-05_536898/work/404
389	/home/dinghy/versys/ibex-cpufuzz/bluesfl/ibex/dataset/dataset1/dataset_5/4/ibex_fetch_fifo.sv.diff	SIM_FAIL	1	/mnt/sda/bluesfl-tmp/cosim_run_2026-06-24-22-25-05_536898/logs/389	/mnt/sda/bluesfl-tmp/cosim_run_2026-06-24-22-25-05_536898/work/389
387	/home/dinghy/versys/ibex-cpufuzz/bluesfl/ibex/dataset/dataset1/dataset_5/2/ibex_load_store_unit.sv.diff	SIM_FAIL	1	/mnt/sda/bluesfl-tmp/cosim_run_2026-06-24-22-25-05_536898/logs/387	/mnt/sda/bluesfl-tmp/cosim_run_2026-06-24-22-25-05_536898/work/387
390	/home/dinghy/versys/ibex-cpufuzz/bluesfl/ibex/dataset/dataset1/dataset_5/5/ibex_prefetch_buffer.sv.diff	SIM_FAIL	1	/mnt/sda/bluesfl-tmp/cosim_run_2026-06-24-22-25-05_536898/logs/390	/mnt/sda/bluesfl-tmp/cosim_run_2026-06-24-22-25-05_536898/work/390
381	/home/dinghy/versys/ibex-cpufuzz/bluesfl/ibex/dataset/dataset1/dataset_4/9/ibex_multdiv_fast.sv.diff	SIM_FAIL	1	/mnt/sda/bluesfl-tmp/cosim_run_2026-06-24-22-25-05_536898/logs/381	/mnt/sda/bluesfl-tmp/cosim_run_2026-06-24-22-25-05_536898/work/381
395	/home/dinghy/versys/ibex-cpufuzz/bluesfl/ibex/dataset/dataset1/dataset_6/0/ibex_id_stage.sv.diff	SIM_FAIL	1	/mnt/sda/bluesfl-tmp/cosim_run_2026-06-24-22-25-05_536898/logs/395	/mnt/sda/bluesfl-tmp/cosim_run_2026-06-24-22-25-05_536898/work/395
396	/home/dinghy/versys/ibex-cpufuzz/bluesfl/ibex/dataset/dataset1/dataset_6/10/ibex_prefetch_buffer.sv.diff	SIM_FAIL	1	/mnt/sda/bluesfl-tmp/cosim_run_2026-06-24-22-25-05_536898/logs/396	/mnt/sda/bluesfl-tmp/cosim_run_2026-06-24-22-25-05_536898/work/396
398	/home/dinghy/versys/ibex-cpufuzz/bluesfl/ibex/dataset/dataset1/dataset_6/12/ibex_id_stage.sv.diff	SIM_FAIL	1	/mnt/sda/bluesfl-tmp/cosim_run_2026-06-24-22-25-05_536898/logs/398	/mnt/sda/bluesfl-tmp/cosim_run_2026-06-24-22-25-05_536898/work/398
412	/home/dinghy/versys/ibex-cpufuzz/bluesfl/ibex/dataset/dataset1/dataset_7/3/ibex_ex_block.sv.diff	BUILD_FAIL	1	/mnt/sda/bluesfl-tmp/cosim_run_2026-06-24-22-25-05_536898/logs/412	/mnt/sda/bluesfl-tmp/cosim_run_2026-06-24-22-25-05_536898/work/412
384	/home/dinghy/versys/ibex-cpufuzz/bluesfl/ibex/dataset/dataset1/dataset_5/11/ibex_controller.sv.diff	OK	0	/mnt/sda/bluesfl-tmp/cosim_run_2026-06-24-22-25-05_536898/logs/384	/mnt/sda/bluesfl-tmp/cosim_run_2026-06-24-22-25-05_536898/work/384
385	/home/dinghy/versys/ibex-cpufuzz/bluesfl/ibex/dataset/dataset1/dataset_5/12/ibex_multdiv_fast.sv.diff	OK	0	/mnt/sda/bluesfl-tmp/cosim_run_2026-06-24-22-25-05_536898/logs/385	/mnt/sda/bluesfl-tmp/cosim_run_2026-06-24-22-25-05_536898/work/385
386	/home/dinghy/versys/ibex-cpufuzz/bluesfl/ibex/dataset/dataset1/dataset_5/1/ibex_id_stage.sv.diff	OK	0	/mnt/sda/bluesfl-tmp/cosim_run_2026-06-24-22-25-05_536898/logs/386	/mnt/sda/bluesfl-tmp/cosim_run_2026-06-24-22-25-05_536898/work/386
417	/home/dinghy/versys/ibex-cpufuzz/bluesfl/ibex/dataset/dataset1/dataset_8/0/ibex_multdiv_fast.sv.diff	BUILD_FAIL	1	/mnt/sda/bluesfl-tmp/cosim_run_2026-06-24-22-25-05_536898/logs/417	/mnt/sda/bluesfl-tmp/cosim_run_2026-06-24-22-25-05_536898/work/417
418	/home/dinghy/versys/ibex-cpufuzz/bluesfl/ibex/dataset/dataset1/dataset_8/10/ibex_load_store_unit.sv.diff	BUILD_FAIL	1	/mnt/sda/bluesfl-tmp/cosim_run_2026-06-24-22-25-05_536898/logs/418	/mnt/sda/bluesfl-tmp/cosim_run_2026-06-24-22-25-05_536898/work/418
393	/home/dinghy/versys/ibex-cpufuzz/bluesfl/ibex/dataset/dataset1/dataset_5/8/ibex_multdiv_fast.sv.diff	OK	0	/mnt/sda/bluesfl-tmp/cosim_run_2026-06-24-22-25-05_536898/logs/393	/mnt/sda/bluesfl-tmp/cosim_run_2026-06-24-22-25-05_536898/work/393
402	/home/dinghy/versys/ibex-cpufuzz/bluesfl/ibex/dataset/dataset1/dataset_6/4/ibex_fetch_fifo.sv.diff	SIM_FAIL	1	/mnt/sda/bluesfl-tmp/cosim_run_2026-06-24-22-25-05_536898/logs/402	/mnt/sda/bluesfl-tmp/cosim_run_2026-06-24-22-25-05_536898/work/402
392	/home/dinghy/versys/ibex-cpufuzz/bluesfl/ibex/dataset/dataset1/dataset_5/7/ibex_controller.sv.diff	OK	0	/mnt/sda/bluesfl-tmp/cosim_run_2026-06-24-22-25-05_536898/logs/392	/mnt/sda/bluesfl-tmp/cosim_run_2026-06-24-22-25-05_536898/work/392
397	/home/dinghy/versys/ibex-cpufuzz/bluesfl/ibex/dataset/dataset1/dataset_6/11/ibex_multdiv_fast.sv.diff	OK	0	/mnt/sda/bluesfl-tmp/cosim_run_2026-06-24-22-25-05_536898/logs/397	/mnt/sda/bluesfl-tmp/cosim_run_2026-06-24-22-25-05_536898/work/397
405	/home/dinghy/versys/ibex-cpufuzz/bluesfl/ibex/dataset/dataset1/dataset_6/7/ibex_wb_stage.sv.diff	SIM_FAIL	1	/mnt/sda/bluesfl-tmp/cosim_run_2026-06-24-22-25-05_536898/logs/405	/mnt/sda/bluesfl-tmp/cosim_run_2026-06-24-22-25-05_536898/work/405
400	/home/dinghy/versys/ibex-cpufuzz/bluesfl/ibex/dataset/dataset1/dataset_6/2/ibex_decoder.sv.diff	OK	0	/mnt/sda/bluesfl-tmp/cosim_run_2026-06-24-22-25-05_536898/logs/400	/mnt/sda/bluesfl-tmp/cosim_run_2026-06-24-22-25-05_536898/work/400
399	/home/dinghy/versys/ibex-cpufuzz/bluesfl/ibex/dataset/dataset1/dataset_6/1/ibex_multdiv_fast.sv.diff	OK	0	/mnt/sda/bluesfl-tmp/cosim_run_2026-06-24-22-25-05_536898/logs/399	/mnt/sda/bluesfl-tmp/cosim_run_2026-06-24-22-25-05_536898/work/399
401	/home/dinghy/versys/ibex-cpufuzz/bluesfl/ibex/dataset/dataset1/dataset_6/3/ibex_fetch_fifo.sv.diff	SIM_FAIL	1	/mnt/sda/bluesfl-tmp/cosim_run_2026-06-24-22-25-05_536898/logs/401	/mnt/sda/bluesfl-tmp/cosim_run_2026-06-24-22-25-05_536898/work/401
407	/home/dinghy/versys/ibex-cpufuzz/bluesfl/ibex/dataset/dataset1/dataset_6/9/ibex_fetch_fifo.sv.diff	SIM_FAIL	1	/mnt/sda/bluesfl-tmp/cosim_run_2026-06-24-22-25-05_536898/logs/407	/mnt/sda/bluesfl-tmp/cosim_run_2026-06-24-22-25-05_536898/work/407
408	/home/dinghy/versys/ibex-cpufuzz/bluesfl/ibex/dataset/dataset1/dataset_7/0/ibex_wb_stage.sv.diff	SIM_FAIL	1	/mnt/sda/bluesfl-tmp/cosim_run_2026-06-24-22-25-05_536898/logs/408	/mnt/sda/bluesfl-tmp/cosim_run_2026-06-24-22-25-05_536898/work/408
427	/home/dinghy/versys/ibex-cpufuzz/bluesfl/ibex/dataset/dataset1/dataset_8/5/ibex_if_stage.sv.diff	BUILD_FAIL	1	/mnt/sda/bluesfl-tmp/cosim_run_2026-06-24-22-25-05_536898/logs/427	/mnt/sda/bluesfl-tmp/cosim_run_2026-06-24-22-25-05_536898/work/427
430	/home/dinghy/versys/ibex-cpufuzz/bluesfl/ibex/dataset/dataset1/dataset_8/8/ibex_core.sv.diff	BUILD_FAIL	1	/mnt/sda/bluesfl-tmp/cosim_run_2026-06-24-22-25-05_536898/logs/430	/mnt/sda/bluesfl-tmp/cosim_run_2026-06-24-22-25-05_536898/work/430
431	/home/dinghy/versys/ibex-cpufuzz/bluesfl/ibex/dataset/dataset1/dataset_8/9/ibex_load_store_unit.sv.diff	BUILD_FAIL	1	/mnt/sda/bluesfl-tmp/cosim_run_2026-06-24-22-25-05_536898/logs/431	/mnt/sda/bluesfl-tmp/cosim_run_2026-06-24-22-25-05_536898/work/431
403	/home/dinghy/versys/ibex-cpufuzz/bluesfl/ibex/dataset/dataset1/dataset_6/5/ibex_decoder.sv.diff	OK	0	/mnt/sda/bluesfl-tmp/cosim_run_2026-06-24-22-25-05_536898/logs/403	/mnt/sda/bluesfl-tmp/cosim_run_2026-06-24-22-25-05_536898/work/403
406	/home/dinghy/versys/ibex-cpufuzz/bluesfl/ibex/dataset/dataset1/dataset_6/8/ibex_ex_block.sv.diff	OK	0	/mnt/sda/bluesfl-tmp/cosim_run_2026-06-24-22-25-05_536898/logs/406	/mnt/sda/bluesfl-tmp/cosim_run_2026-06-24-22-25-05_536898/work/406
416	/home/dinghy/versys/ibex-cpufuzz/bluesfl/ibex/dataset/dataset1/dataset_7/8/ibex_prefetch_buffer.sv.diff	SIM_FAIL	1	/mnt/sda/bluesfl-tmp/cosim_run_2026-06-24-22-25-05_536898/logs/416	/mnt/sda/bluesfl-tmp/cosim_run_2026-06-24-22-25-05_536898/work/416
409	/home/dinghy/versys/ibex-cpufuzz/bluesfl/ibex/dataset/dataset1/dataset_7/11/ibex_load_store_unit.sv.diff	OK	0	/mnt/sda/bluesfl-tmp/cosim_run_2026-06-24-22-25-05_536898/logs/409	/mnt/sda/bluesfl-tmp/cosim_run_2026-06-24-22-25-05_536898/work/409
413	/home/dinghy/versys/ibex-cpufuzz/bluesfl/ibex/dataset/dataset1/dataset_7/5/ibex_if_stage.sv.diff	OK	0	/mnt/sda/bluesfl-tmp/cosim_run_2026-06-24-22-25-05_536898/logs/413	/mnt/sda/bluesfl-tmp/cosim_run_2026-06-24-22-25-05_536898/work/413
437	/home/dinghy/versys/ibex-cpufuzz/bluesfl/ibex/dataset/dataset1/dataset_9/14/ibex_core.sv.diff	BUILD_FAIL	1	/mnt/sda/bluesfl-tmp/cosim_run_2026-06-24-22-25-05_536898/logs/437	/mnt/sda/bluesfl-tmp/cosim_run_2026-06-24-22-25-05_536898/work/437
411	/home/dinghy/versys/ibex-cpufuzz/bluesfl/ibex/dataset/dataset1/dataset_7/2/ibex_alu.sv.diff	OK	0	/mnt/sda/bluesfl-tmp/cosim_run_2026-06-24-22-25-05_536898/logs/411	/mnt/sda/bluesfl-tmp/cosim_run_2026-06-24-22-25-05_536898/work/411
414	/home/dinghy/versys/ibex-cpufuzz/bluesfl/ibex/dataset/dataset1/dataset_7/6/ibex_core.sv.diff	OK	0	/mnt/sda/bluesfl-tmp/cosim_run_2026-06-24-22-25-05_536898/logs/414	/mnt/sda/bluesfl-tmp/cosim_run_2026-06-24-22-25-05_536898/work/414
423	/home/dinghy/versys/ibex-cpufuzz/bluesfl/ibex/dataset/dataset1/dataset_8/1/ibex_fetch_fifo.sv.diff	SIM_FAIL	1	/mnt/sda/bluesfl-tmp/cosim_run_2026-06-24-22-25-05_536898/logs/423	/mnt/sda/bluesfl-tmp/cosim_run_2026-06-24-22-25-05_536898/work/423
415	/home/dinghy/versys/ibex-cpufuzz/bluesfl/ibex/dataset/dataset1/dataset_7/7/ibex_if_stage.sv.diff	OK	0	/mnt/sda/bluesfl-tmp/cosim_run_2026-06-24-22-25-05_536898/logs/415	/mnt/sda/bluesfl-tmp/cosim_run_2026-06-24-22-25-05_536898/work/415
419	/home/dinghy/versys/ibex-cpufuzz/bluesfl/ibex/dataset/dataset1/dataset_8/11/ibex_core.sv.diff	OK	0	/mnt/sda/bluesfl-tmp/cosim_run_2026-06-24-22-25-05_536898/logs/419	/mnt/sda/bluesfl-tmp/cosim_run_2026-06-24-22-25-05_536898/work/419
441	/home/dinghy/versys/ibex-cpufuzz/bluesfl/ibex/dataset/dataset1/dataset_9/5/ibex_prefetch_buffer.sv.diff	BUILD_FAIL	1	/mnt/sda/bluesfl-tmp/cosim_run_2026-06-24-22-25-05_536898/logs/441	/mnt/sda/bluesfl-tmp/cosim_run_2026-06-24-22-25-05_536898/work/441
424	/home/dinghy/versys/ibex-cpufuzz/bluesfl/ibex/dataset/dataset1/dataset_8/2/ibex_wb_stage.sv.diff	SIM_FAIL	1	/mnt/sda/bluesfl-tmp/cosim_run_2026-06-24-22-25-05_536898/logs/424	/mnt/sda/bluesfl-tmp/cosim_run_2026-06-24-22-25-05_536898/work/424
442	/home/dinghy/versys/ibex-cpufuzz/bluesfl/ibex/dataset/dataset1/dataset_9/7/ibex_load_store_unit.sv.diff	BUILD_FAIL	1	/mnt/sda/bluesfl-tmp/cosim_run_2026-06-24-22-25-05_536898/logs/442	/mnt/sda/bluesfl-tmp/cosim_run_2026-06-24-22-25-05_536898/work/442
443	/home/dinghy/versys/ibex-cpufuzz/bluesfl/ibex/dataset/dataset1/dataset_9/8/ibex_alu.sv.diff	BUILD_FAIL	1	/mnt/sda/bluesfl-tmp/cosim_run_2026-06-24-22-25-05_536898/logs/443	/mnt/sda/bluesfl-tmp/cosim_run_2026-06-24-22-25-05_536898/work/443
420	/home/dinghy/versys/ibex-cpufuzz/bluesfl/ibex/dataset/dataset1/dataset_8/12/ibex_prefetch_buffer.sv.diff	OK	0	/mnt/sda/bluesfl-tmp/cosim_run_2026-06-24-22-25-05_536898/logs/420	/mnt/sda/bluesfl-tmp/cosim_run_2026-06-24-22-25-05_536898/work/420
429	/home/dinghy/versys/ibex-cpufuzz/bluesfl/ibex/dataset/dataset1/dataset_8/7/ibex_decoder.sv.diff	SIM_FAIL	1	/mnt/sda/bluesfl-tmp/cosim_run_2026-06-24-22-25-05_536898/logs/429	/mnt/sda/bluesfl-tmp/cosim_run_2026-06-24-22-25-05_536898/work/429
428	/home/dinghy/versys/ibex-cpufuzz/bluesfl/ibex/dataset/dataset1/dataset_8/6/ibex_core.sv.diff	SIM_FAIL	1	/mnt/sda/bluesfl-tmp/cosim_run_2026-06-24-22-25-05_536898/logs/428	/mnt/sda/bluesfl-tmp/cosim_run_2026-06-24-22-25-05_536898/work/428
432	/home/dinghy/versys/ibex-cpufuzz/bluesfl/ibex/dataset/dataset1/dataset_9/0/ibex_decoder.sv.diff	SIM_FAIL	1	/mnt/sda/bluesfl-tmp/cosim_run_2026-06-24-22-25-05_536898/logs/432	/mnt/sda/bluesfl-tmp/cosim_run_2026-06-24-22-25-05_536898/work/432
433	/home/dinghy/versys/ibex-cpufuzz/bluesfl/ibex/dataset/dataset1/dataset_9/10/ibex_decoder.sv.diff	SIM_FAIL	1	/mnt/sda/bluesfl-tmp/cosim_run_2026-06-24-22-25-05_536898/logs/433	/mnt/sda/bluesfl-tmp/cosim_run_2026-06-24-22-25-05_536898/work/433
422	/home/dinghy/versys/ibex-cpufuzz/bluesfl/ibex/dataset/dataset1/dataset_8/14/ibex_wb_stage.sv.diff	OK	0	/mnt/sda/bluesfl-tmp/cosim_run_2026-06-24-22-25-05_536898/logs/422	/mnt/sda/bluesfl-tmp/cosim_run_2026-06-24-22-25-05_536898/work/422
421	/home/dinghy/versys/ibex-cpufuzz/bluesfl/ibex/dataset/dataset1/dataset_8/13/ibex_controller.sv.diff	OK	0	/mnt/sda/bluesfl-tmp/cosim_run_2026-06-24-22-25-05_536898/logs/421	/mnt/sda/bluesfl-tmp/cosim_run_2026-06-24-22-25-05_536898/work/421
425	/home/dinghy/versys/ibex-cpufuzz/bluesfl/ibex/dataset/dataset1/dataset_8/3/ibex_load_store_unit.sv.diff	OK	0	/mnt/sda/bluesfl-tmp/cosim_run_2026-06-24-22-25-05_536898/logs/425	/mnt/sda/bluesfl-tmp/cosim_run_2026-06-24-22-25-05_536898/work/425
426	/home/dinghy/versys/ibex-cpufuzz/bluesfl/ibex/dataset/dataset1/dataset_8/4/ibex_if_stage.sv.diff	OK	0	/mnt/sda/bluesfl-tmp/cosim_run_2026-06-24-22-25-05_536898/logs/426	/mnt/sda/bluesfl-tmp/cosim_run_2026-06-24-22-25-05_536898/work/426
435	/home/dinghy/versys/ibex-cpufuzz/bluesfl/ibex/dataset/dataset1/dataset_9/12/ibex_wb_stage.sv.diff	SIM_FAIL	1	/mnt/sda/bluesfl-tmp/cosim_run_2026-06-24-22-25-05_536898/logs/435	/mnt/sda/bluesfl-tmp/cosim_run_2026-06-24-22-25-05_536898/work/435
438	/home/dinghy/versys/ibex-cpufuzz/bluesfl/ibex/dataset/dataset1/dataset_9/2/ibex_alu.sv.diff	SIM_FAIL	1	/mnt/sda/bluesfl-tmp/cosim_run_2026-06-24-22-25-05_536898/logs/438	/mnt/sda/bluesfl-tmp/cosim_run_2026-06-24-22-25-05_536898/work/438
434	/home/dinghy/versys/ibex-cpufuzz/bluesfl/ibex/dataset/dataset1/dataset_9/11/ibex_prefetch_buffer.sv.diff	OK	0	/mnt/sda/bluesfl-tmp/cosim_run_2026-06-24-22-25-05_536898/logs/434	/mnt/sda/bluesfl-tmp/cosim_run_2026-06-24-22-25-05_536898/work/434
439	/home/dinghy/versys/ibex-cpufuzz/bluesfl/ibex/dataset/dataset1/dataset_9/3/ibex_multdiv_fast.sv.diff	SIM_FAIL	1	/mnt/sda/bluesfl-tmp/cosim_run_2026-06-24-22-25-05_536898/logs/439	/mnt/sda/bluesfl-tmp/cosim_run_2026-06-24-22-25-05_536898/work/439
436	/home/dinghy/versys/ibex-cpufuzz/bluesfl/ibex/dataset/dataset1/dataset_9/13/ibex_prefetch_buffer.sv.diff	OK	0	/mnt/sda/bluesfl-tmp/cosim_run_2026-06-24-22-25-05_536898/logs/436	/mnt/sda/bluesfl-tmp/cosim_run_2026-06-24-22-25-05_536898/work/436
410	/home/dinghy/versys/ibex-cpufuzz/bluesfl/ibex/dataset/dataset1/dataset_7/12/ibex_controller.sv.diff	TIMEOUT	143	/mnt/sda/bluesfl-tmp/cosim_run_2026-06-24-22-25-05_536898/logs/410	/mnt/sda/bluesfl-tmp/cosim_run_2026-06-24-22-25-05_536898/work/410
440	/home/dinghy/versys/ibex-cpufuzz/bluesfl/ibex/dataset/dataset1/dataset_9/4/ibex_prefetch_buffer.sv.diff	TIMEOUT	143	/mnt/sda/bluesfl-tmp/cosim_run_2026-06-24-22-25-05_536898/logs/440	/mnt/sda/bluesfl-tmp/cosim_run_2026-06-24-22-25-05_536898/work/440
